28/04/2025 08:00,Bristol,Lyle Tan,"Large Flavoured iced latte - Caramel - 3.25, Large Flavoured latte - Hazelnut - 2.85",6.1,CASH,
28/04/2025 08:01,Bristol,Joe Prior,"Large Flavoured latte - Hazelnut - 2.85, Regular Flavoured latte - Hazelnut - 2.55, Regular Flavoured latte - Hazelnut - 2.55",7.95,CARD,1251694983414457
28/04/2025 08:02,Bristol,Kelly Saito,Large Flavoured latte - Hazelnut - 2.85,2.85,CARD,7795007959544441
28/04/2025 08:03,Bristol,David Conigliaro,Regular Flavoured iced latte - Caramel - 2.75,2.75,CARD,8177606772420440
28/04/2025 08:04,Bristol,Amy Seys,"Large Flavoured latte - Hazelnut - 2.85, Regular Flavoured iced latte - Caramel - 2.75, Regular Flavoured iced latte - Caramel - 2.75, Large Flavoured iced latte - Caramel - 3.25",11.6,CARD,1043308796070243
28/04/2025 08:05,Bristol,Florida Kessler,Regular Flavoured latte - Hazelnut - 2.55,2.55,CARD,5204264281159888
28/04/2025 08:06,Bristol,Susan Russell,"Regular Flavoured latte - Hazelnut - 2.55, Regular Flavoured iced latte - Caramel - 2.75, Large Flavoured latte - Hazelnut - 2.85",8.15,CARD,3218383976566654
28/04/2025 08:07,Bristol,Mary Parham,Regular Flavoured latte - Hazelnut - 2.55,2.55,CARD,4484555193161069
28/04/2025 08:08,Bristol,Margie Snider,"Regular Flavoured latte - Hazelnut - 2.55, Large Flavoured iced latte - Caramel - 3.25",5.8,CASH,
28/04/2025 08:09,Bristol,Scott Poole,"Regular Flavoured latte - Hazelnut - 2.55, Large Flavoured latte - Hazelnut - 2.85, Regular Flavoured latte - Hazelnut - 2.55, Regular Flavoured latte - Hazelnut - 2.55",10.5,CARD,1502619669131884
28/04/2025 08:10,Bristol,Alberta Muniz,"Large Flavoured iced latte - Caramel - 3.25, Regular Flavoured iced latte - Caramel - 2.75",6.0,CASH,
28/04/2025 08:11,Bristol,Christina Sisson,"Regular Flavoured latte - Hazelnut - 2.55, Large Flavoured latte - Hazelnut - 2.85",5.4,CARD,9912604285531000
28/04/2025 08:12,Bristol,Samatha Lowther,"Regular Flavoured iced latte - Caramel - 2.75, Regular Flavoured latte - Hazelnut - 2.55",5.3,CARD,8941639443945007
28/04/2025 08:13,Bristol,Leo Wiggins,"Large Flavoured iced latte - Caramel - 3.25, Large Flavoured iced latte - Caramel - 3.25, Regular Flavoured iced latte - Caramel - 2.75, Regular Flavoured iced latte - Caramel - 2.75, Regular Flavoured iced latte - Caramel - 2.75, Large Flavoured iced latte - Caramel - 3.25",18.0,CARD,6731538949412508
28/04/2025 08:14,Bristol,Conrad Davison,"Regular Flavoured latte - Hazelnut - 2.55, Regular Flavoured iced latte - Caramel - 2.75, Large Flavoured iced latte - Caramel - 3.25",8.55,CARD,8332394403148978
28/04/2025 08:15,Bristol,William Mason,"Regular Flavoured latte - Hazelnut - 2.55, Large Flavoured latte - Hazelnut - 2.85",5.4,CARD,2100045841578398
28/04/2025 08:16,Bristol,Gary Snyder,"Regular Flavoured iced latte - Caramel - 2.75, Large Flavoured iced latte - Caramel - 3.25",6.0,CARD,6991206269779005
28/04/2025 08:17,Bristol,Jose Garrett,"Large Flavoured iced latte - Caramel - 3.25, Large Flavoured latte - Hazelnut - 2.85",6.1,CASH,
28/04/2025 08:18,Bristol,Alex Mcnally,Large Flavoured latte - Hazelnut - 2.85,2.85,CASH,
28/04/2025 08:19,Bristol,Tyler Edwards,Large Flavoured latte - Hazelnut - 2.85,2.85,CARD,7540729536969756
28/04/2025 08:20,Bristol,Matthew Broadnax,Large Flavoured latte - Hazelnut - 2.85,2.85,CARD,8362353370127586
28/04/2025 08:21,Bristol,Michael Carlo,"Regular Flavoured iced latte - Caramel - 2.75, Regular Flavoured iced latte - Caramel - 2.75",5.5,CASH,
28/04/2025 08:22,Bristol,Charles Doak,"Regular Flavoured iced latte - Caramel - 2.75, Large Flavoured iced latte - Caramel - 3.25",6.0,CARD,2522520672713468
28/04/2025 08:23,Bristol,Glenn Staples,"Large Flavoured iced latte - Caramel - 3.25, Regular Flavoured latte - Hazelnut - 2.55, Large Flavoured latte - Hazelnut - 2.85",8.65,CARD,9688106972133628
28/04/2025 08:24,Bristol,Connie Fry,"Large Flavoured iced latte - Caramel - 3.25, Large Flavoured latte - Hazelnut - 2.85",6.1,CARD,2468996681394577
28/04/2025 08:25,Bristol,Jonathan Tandy,"Regular Flavoured latte - Hazelnut - 2.55, Regular Flavoured latte - Hazelnut - 2.55",5.1,CARD,9284024759756071
28/04/2025 08:26,Bristol,Lindsey Myers,Regular Flavoured iced latte - Caramel - 2.75,2.75,CARD,1208641911154656
28/04/2025 08:27,Bristol,Hedwig Robinson,"Regular Flavoured latte - Hazelnut - 2.55, Large Flavoured latte - Hazelnut - 2.85",5.4,CASH,
28/04/2025 08:28,Bristol,Linda Mcnabb,"Regular Flavoured iced latte - Caramel - 2.75, Large Flavoured latte - Hazelnut - 2.85, Large Flavoured iced latte - Caramel - 3.25, Regular Flavoured latte - Hazelnut - 2.55, Regular Flavoured latte - Hazelnut - 2.55, Regular Flavoured iced latte - Caramel - 2.75",16.7,CARD,4683405629560002
28/04/2025 08:29,Bristol,Judy Chase,"Large Flavoured latte - Hazelnut - 2.85, Large Flavoured latte - Hazelnut - 2.85, Regular Flavoured latte - Hazelnut - 2.55, Regular Flavoured iced latte - Caramel - 2.75, Large Flavoured latte - Hazelnut - 2.85",13.85,CARD,4587790215835402
28/04/2025 08:30,Bristol,Victoria Stiles,Large Flavoured iced latte - Caramel - 3.25,3.25,CARD,1126632425696067
28/04/2025 08:31,Bristol,Carlton Foulk,Regular Flavoured latte - Hazelnut - 2.55,2.55,CARD,4519847134939542
28/04/2025 08:32,Bristol,Mario Hegarty,"Large Flavoured latte - Hazelnut - 2.85, Regular Flavoured iced latte - Caramel - 2.75, Regular Flavoured latte - Hazelnut - 2.55",8.15,CARD,4389291092110738
28/04/2025 08:33,Bristol,Ronald Herbert,"Large Flavoured latte - Hazelnut - 2.85, Large Flavoured latte - Hazelnut - 2.85",5.7,CASH,
28/04/2025 08:34,Bristol,Daniel Pafford,"Large Flavoured iced latte - Caramel - 3.25, Large Flavoured latte - Hazelnut - 2.85, Regular Flavoured latte - Hazelnut - 2.55, Large Flavoured latte - Hazelnut - 2.85",11.5,CARD,8704654757029953
28/04/2025 08:35,Bristol,Jennifer Smith,"Regular Flavoured iced latte - Caramel - 2.75, Large Flavoured latte - Hazelnut - 2.85, Regular Flavoured iced latte - Caramel - 2.75",8.35,CARD,9177972560182811
28/04/2025 08:36,Bristol,Thomas Bates,"Regular Flavoured iced latte - Caramel - 2.75, Regular Flavoured latte - Hazelnut - 2.55, Regular Flavoured iced latte - Caramel - 2.75",8.05,CARD,6232805374438954
28/04/2025 08:37,Bristol,Tyler Stewart,Regular Flavoured latte - Hazelnut - 2.55,2.55,CASH,
28/04/2025 08:38,Bristol,Vincent Baker,Regular Flavoured iced latte - Caramel - 2.75,2.75,CARD,4214175360120979
28/04/2025 08:39,Bristol,Michael Bryan,"Large Flavoured latte - Hazelnut - 2.85, Regular Flavoured latte - Hazelnut - 2.55",5.4,CARD,2359547992335592
28/04/2025 08:40,Bristol,Carrie Alvarez,"Regular Flavoured latte - Hazelnut - 2.55, Regular Flavoured latte - Hazelnut - 2.55, Regular Flavoured iced latte - Caramel - 2.75, Regular Flavoured latte - Hazelnut - 2.55, Regular Flavoured latte - Hazelnut - 2.55",12.95,CASH,
28/04/2025 08:41,Bristol,Christine Gallon,"Regular Flavoured latte - Hazelnut - 2.55, Large Flavoured latte - Hazelnut - 2.85",5.4,CARD,3342032823268805
28/04/2025 08:42,Bristol,Carlos Burke,Large Flavoured latte - Hazelnut - 2.85,2.85,CARD,5980533828103609
28/04/2025 08:43,Bristol,William Jones,Large Flavoured latte - Hazelnut - 2.85,2.85,CARD,1913211949145995
28/04/2025 08:44,Bristol,Dean Lee,"Large Flavoured iced latte - Caramel - 3.25, Regular Flavoured iced latte - Caramel - 2.75, Large Flavoured iced latte - Caramel - 3.25",9.25,CARD,4234326402268425
28/04/2025 08:45,Bristol,Jason Lowery,"Large Flavoured iced latte - Caramel - 3.25, Regular Flavoured latte - Hazelnut - 2.55, Large Flavoured iced latte - Caramel - 3.25, Large Flavoured iced latte - Caramel - 3.25",12.3,CARD,8978913305142861
28/04/2025 08:46,Bristol,Michael Sizemore,Large Flavoured iced latte - Caramel - 3.25,3.25,CASH,
28/04/2025 08:47,Bristol,David Kelsheimer,"Regular Flavoured iced latte - Caramel - 2.75, Large Flavoured latte - Hazelnut - 2.85, Regular Flavoured latte - Hazelnut - 2.55, Regular Flavoured latte - Hazelnut - 2.55, Regular Flavoured iced latte - Caramel - 2.75, Large Flavoured iced latte - Caramel - 3.25",16.7,CASH,
28/04/2025 08:48,Bristol,Rosa Paik,"Regular Flavoured iced latte - Caramel - 2.75, Large Flavoured latte - Hazelnut - 2.85, Regular Flavoured latte - Hazelnut - 2.55, Large Flavoured iced latte - Caramel - 3.25",11.4,CARD,3932974353824537
28/04/2025 08:49,Bristol,Lynda Dearman,"Large Flavoured iced latte - Caramel - 3.25, Large Flavoured latte - Hazelnut - 2.85",6.1,CASH,
28/04/2025 08:50,Bristol,Kimberly Griffin,Regular Flavoured iced latte - Caramel - 2.75,2.75,CASH,
28/04/2025 08:51,Bristol,Charlie Bass,"Regular Flavoured latte - Hazelnut - 2.55, Large Flavoured iced latte - Caramel - 3.25, Regular Flavoured iced latte - Caramel - 2.75",8.55,CARD,6141132462294898
28/04/2025 08:52,Bristol,Diana Lamarre,"Regular Flavoured iced latte - Caramel - 2.75, Large Flavoured latte - Hazelnut - 2.85, Large Flavoured iced latte - Caramel - 3.25, Regular Flavoured latte - Hazelnut - 2.55",11.4,CARD,9556141092371506
28/04/2025 08:53,Bristol,Ann Chancey,"Regular Flavoured latte - Hazelnut - 2.55, Large Flavoured latte - Hazelnut - 2.85",5.4,CARD,8373360707219299
28/04/2025 08:54,Bristol,Maureen Seymore,"Large Flavoured iced latte - Caramel - 3.25, Large Flavoured iced latte - Caramel - 3.25, Regular Flavoured iced latte - Caramel - 2.75",9.25,CARD,7780119256228875
28/04/2025 08:55,Bristol,Joe Paetzold,"Regular Flavoured latte - Hazelnut - 2.55, Large Flavoured latte - Hazelnut - 2.85",5.4,CARD,6163646992450225
28/04/2025 08:56,Bristol,Christine Mccollom,"Large Flavoured iced latte - Caramel - 3.25, Large Flavoured latte - Hazelnut - 2.85, Large Flavoured latte - Hazelnut - 2.85, Large Flavoured iced latte - Caramel - 3.25, Regular Flavoured iced latte - Caramel - 2.75",14.95,CASH,
28/04/2025 08:57,Bristol,Gary Roney,"Large Flavoured iced latte - Caramel - 3.25, Large Flavoured latte - Hazelnut - 2.85, Large Flavoured latte - Hazelnut - 2.85, Large Flavoured iced latte - Caramel - 3.25",12.2,CARD,1473330269777943
28/04/2025 08:58,Bristol,Janna Perdue,"Regular Flavoured iced latte - Caramel - 2.75, Large Flavoured latte - Hazelnut - 2.85",5.6,CARD,8163887562364260
28/04/2025 08:59,Bristol,Julie Maxwell,"Large Flavoured latte - Hazelnut - 2.85, Large Flavoured latte - Hazelnut - 2.85",5.7,CARD,7824413387365219
28/04/2025 09:00,Bristol,Angel Kearns,"Large Flavoured latte - Hazelnut - 2.85, Large Flavoured latte - Hazelnut - 2.85, Large Flavoured iced latte - Caramel - 3.25",8.95,CASH,
28/04/2025 09:01,Bristol,Janis Lane,"Large Flavoured latte - Hazelnut - 2.85, Large Flavoured iced latte - Caramel - 3.25",6.1,CARD,5146895257079415
28/04/2025 09:02,Bristol,Timothy King,"Regular Flavoured iced latte - Caramel - 2.75, Regular Flavoured iced latte - Caramel - 2.75, Regular Flavoured iced latte - Caramel - 2.75, Large Flavoured latte - Hazelnut - 2.85, Large Flavoured latte - Hazelnut - 2.85, Large Flavoured iced latte - Caramel - 3.25",17.2,CARD,3648442097174271
28/04/2025 09:04,Bristol,Daniel Stewart,"Large Flavoured iced latte - Caramel - 3.25, Regular Flavoured latte - Hazelnut - 2.55, Regular Flavoured iced latte - Caramel - 2.75",8.55,CARD,5002026392919983
28/04/2025 09:05,Bristol,Earl Streiff,"Regular Flavoured iced latte - Caramel - 2.75, Large Flavoured latte - Hazelnut - 2.85, Large Flavoured latte - Hazelnut - 2.85",8.45,CARD,3015418932071787
28/04/2025 09:06,Bristol,Juan Campbell,"Large Flavoured latte - Hazelnut - 2.85, Large Flavoured iced latte - Caramel - 3.25, Large Flavoured iced latte - Caramel - 3.25",9.35,CARD,8931686127683215
28/04/2025 09:08,Bristol,Raymond Marquez,"Regular Flavoured latte - Hazelnut - 2.55, Large Flavoured latte - Hazelnut - 2.85",5.4,CASH,
28/04/2025 09:09,Bristol,Madelene Mcmath,Large Flavoured latte - Hazelnut - 2.85,2.85,CARD,5078819658960095
28/04/2025 09:11,Bristol,Raymond Sproul,"Regular Flavoured iced latte - Caramel - 2.75, Large Flavoured latte - Hazelnut - 2.85, Regular Flavoured iced latte - Caramel - 2.75, Large Flavoured iced latte - Caramel - 3.25, Large Flavoured latte - Hazelnut - 2.85",14.45,CASH,
28/04/2025 09:12,Bristol,Thomas Avellaneda,"Regular Flavoured latte - Hazelnut - 2.55, Regular Flavoured latte - Hazelnut - 2.55, Large Flavoured latte - Hazelnut - 2.85, Large Flavoured iced latte - Caramel - 3.25, Large Flavoured latte - Hazelnut - 2.85",14.05,CARD,5528945087841104
28/04/2025 09:13,Bristol,Gloria Leflore,Large Flavoured iced latte - Caramel - 3.25,3.25,CARD,1656852248425466
28/04/2025 09:15,Bristol,Loren Mauney,"Regular Flavoured latte - Hazelnut - 2.55, Large Flavoured latte - Hazelnut - 2.85",5.4,CARD,1177464100378661
28/04/2025 09:16,Bristol,Lee Hart,"Large Flavoured iced latte - Caramel - 3.25, Regular Flavoured iced latte - Caramel - 2.75, Regular Flavoured iced latte - Caramel - 2.75",8.75,CASH,
28/04/2025 09:17,Bristol,Helen Gaiser,"Large Flavoured iced latte - Caramel - 3.25, Large Flavoured latte - Hazelnut - 2.85, Large Flavoured latte - Hazelnut - 2.85, Large Flavoured iced latte - Caramel - 3.25, Regular Flavoured iced latte - Caramel - 2.75, Regular Flavoured latte - Hazelnut - 2.55",17.5,CARD,6842514625372583
28/04/2025 09:19,Bristol,Randy Beard,"Regular Flavoured iced latte - Caramel - 2.75, Large Flavoured latte - Hazelnut - 2.85",5.6,CARD,7792515660792662
28/04/2025 09:20,Bristol,Stella Lyons,"Regular Flavoured iced latte - Caramel - 2.75, Large Flavoured iced latte - Caramel - 3.25",6.0,CASH,
28/04/2025 09:22,Bristol,Dennis Meador,"Regular Flavoured iced latte - Caramel - 2.75, Large Flavoured iced latte - Caramel - 3.25, Large Flavoured latte - Hazelnut - 2.85, Large Flavoured latte - Hazelnut - 2.85",11.7,CARD,5610030156204097
28/04/2025 09:23,Bristol,Craig Markow,"Large Flavoured iced latte - Caramel - 3.25, Regular Flavoured iced latte - Caramel - 2.75, Large Flavoured latte - Hazelnut - 2.85",8.85,CASH,
28/04/2025 09:24,Bristol,Billy Phuong,"Large Flavoured latte - Hazelnut - 2.85, Regular Flavoured iced latte - Caramel - 2.75, Regular Flavoured latte - Hazelnut - 2.55",8.15,CARD,1245757314846536
28/04/2025 09:26,Bristol,Roberta Akins,"Large Flavoured iced latte - Caramel - 3.25, Regular Flavoured iced latte - Caramel - 2.75, Large Flavoured latte - Hazelnut - 2.85, Large Flavoured latte - Hazelnut - 2.85, Regular Flavoured iced latte - Caramel - 2.75",14.45,CARD,8543184543625849
28/04/2025 09:27,Bristol,Susan Bueche,"Large Flavoured iced latte - Caramel - 3.25, Regular Flavoured iced latte - Caramel - 2.75",6.0,CARD,2588046655974010
28/04/2025 09:29,Bristol,Paul Alzugaray,Large Flavoured iced latte - Caramel - 3.25,3.25,CASH,
28/04/2025 09:30,Bristol,Betty Ripka,Large Flavoured iced latte - Caramel - 3.25,3.25,CARD,7447696740788183
28/04/2025 09:31,Bristol,Ricardo Wilham,"Regular Flavoured latte - Hazelnut - 2.55, Regular Flavoured iced latte - Caramel - 2.75",5.3,CARD,1566724682973885
28/04/2025 09:33,Bristol,Sally Nicholson,"Regular Flavoured iced latte - Caramel - 2.75, Regular Flavoured iced latte - Caramel - 2.75, Large Flavoured iced latte - Caramel - 3.25, Regular Flavoured iced latte - Caramel - 2.75",11.5,CASH,
28/04/2025 09:34,Bristol,William Kahn,"Large Flavoured latte - Hazelnut - 2.85, Regular Flavoured latte - Hazelnut - 2.55",5.4,CARD,9322733345958333
28/04/2025 09:35,Bristol,Betty Smith,"Large Flavoured iced latte - Caramel - 3.25, Large Flavoured iced latte - Caramel - 3.25",6.5,CASH,
28/04/2025 09:37,Bristol,Everett Simon,"Regular Flavoured iced latte - Caramel - 2.75, Regular Flavoured latte - Hazelnut - 2.55, Large Flavoured iced latte - Caramel - 3.25",8.55,CARD,1896153719904679
28/04/2025 09:38,Bristol,Melanie Wagner,"Regular Flavoured latte - Hazelnut - 2.55, Regular Flavoured iced latte - Caramel - 2.75, Regular Flavoured latte - Hazelnut - 2.55",7.85,CARD,2139962698955925
28/04/2025 09:40,Bristol,Douglas Telesco,"Large Flavoured latte - Hazelnut - 2.85, Regular Flavoured latte - Hazelnut - 2.55, Large Flavoured latte - Hazelnut - 2.85, Regular Flavoured latte - Hazelnut - 2.55",10.8,CARD,5025646677350601
28/04/2025 09:41,Bristol,Garland Vazquez,"Large Flavoured iced latte - Caramel - 3.25, Large Flavoured iced latte - Caramel - 3.25, Regular Flavoured latte - Hazelnut - 2.55",9.05,CASH,
28/04/2025 09:42,Bristol,Pearl Severy,"Large Flavoured latte - Hazelnut - 2.85, Large Flavoured latte - Hazelnut - 2.85",5.7,CARD,2974256606840813
28/04/2025 09:44,Bristol,Clarence Chun,"Regular Flavoured iced latte - Caramel - 2.75, Regular Flavoured iced latte - Caramel - 2.75, Large Flavoured iced latte - Caramel - 3.25",8.75,CASH,
28/04/2025 09:45,Bristol,Paul Elliott,"Regular Flavoured iced latte - Caramel - 2.75, Regular Flavoured latte - Hazelnut - 2.55, Large Flavoured latte - Hazelnut - 2.85",8.15,CARD,2337165355747700
28/04/2025 09:47,Bristol,Thelma Jimerez,"Regular Flavoured iced latte - Caramel - 2.75, Regular Flavoured latte - Hazelnut - 2.55",5.3,CARD,3191229658073127
28/04/2025 09:48,Bristol,Vernon Eastman,"Regular Flavoured iced latte - Caramel - 2.75, Regular Flavoured latte - Hazelnut - 2.55",5.3,CASH,
28/04/2025 09:49,Bristol,John Benthall,"Regular Flavoured iced latte - Caramel - 2.75, Large Flavoured iced latte - Caramel - 3.25, Large Flavoured latte - Hazelnut - 2.85, Large Flavoured latte - Hazelnut - 2.85",11.7,CARD,4129238579106425
28/04/2025 09:51,Bristol,Frank Nichols,"Regular Flavoured latte - Hazelnut - 2.55, Large Flavoured iced latte - Caramel - 3.25",5.8,CASH,
28/04/2025 09:52,Bristol,Mitchell Glover,Large Flavoured iced latte - Caramel - 3.25,3.25,CARD,6574040639101362
28/04/2025 09:53,Bristol,Linda Johns,"Regular Flavoured iced latte - Caramel - 2.75, Large Flavoured latte - Hazelnut - 2.85, Large Flavoured iced latte - Caramel - 3.25, Large Flavoured iced latte - Caramel - 3.25, Regular Flavoured iced latte - Caramel - 2.75, Regular Flavoured iced latte - Caramel - 2.75",17.6,CARD,7042499798419790
28/04/2025 09:55,Bristol,Judith Zumwalt,"Large Flavoured iced latte - Caramel - 3.25, Large Flavoured iced latte - Caramel - 3.25, Large Flavoured iced latte - Caramel - 3.25, Large Flavoured latte - Hazelnut - 2.85",12.6,CARD,7957276819249730
28/04/2025 09:56,Bristol,Fred Scott,Large Flavoured iced latte - Caramel - 3.25,3.25,CARD,7841978245337656
28/04/2025 09:58,Bristol,Christina Edens,"Large Flavoured latte - Hazelnut - 2.85, Regular Flavoured iced latte - Caramel - 2.75, Regular Flavoured latte - Hazelnut - 2.55, Large Flavoured latte - Hazelnut - 2.85",11.0,CARD,8076288107026113
28/04/2025 09:59,Bristol,Bernard Grassi,"Regular Flavoured latte - Hazelnut - 2.55, Large Flavoured iced latte - Caramel - 3.25, Large Flavoured iced latte - Caramel - 3.25",9.05,CARD,3335429383009092
28/04/2025 10:00,Bristol,Nancy Henkel,"Large Flavoured latte - Hazelnut - 2.85, Regular Flavoured latte - Hazelnut - 2.55",5.4,CASH,
28/04/2025 10:02,Bristol,Marguerite Mansell,"Regular Flavoured iced latte - Caramel - 2.75, Regular Flavoured iced latte - Caramel - 2.75",5.5,CARD,4551962082348244
28/04/2025 10:03,Bristol,Timothy Houser,"Large Flavoured iced latte - Caramel - 3.25, Large Flavoured latte - Hazelnut - 2.85",6.1,CARD,6386729624084957
28/04/2025 10:04,Bristol,Janet Tompkins,Regular Flavoured latte - Hazelnut - 2.55,2.55,CARD,6773289811517100
28/04/2025 10:06,Bristol,Anita Ruggles,"Large Flavoured iced latte - Caramel - 3.25, Large Flavoured latte - Hazelnut - 2.85, Regular Flavoured iced latte - Caramel - 2.75, Regular Flavoured latte - Hazelnut - 2.55, Large Flavoured latte - Hazelnut - 2.85",14.25,CARD,9699301633117669
28/04/2025 10:07,Bristol,Anthony Post,"Large Flavoured iced latte - Caramel - 3.25, Regular Flavoured iced latte - Caramel - 2.75, Regular Flavoured iced latte - Caramel - 2.75",8.75,CARD,4957595025395987
28/04/2025 10:08,Bristol,Larry Klein,"Regular Flavoured iced latte - Caramel - 2.75, Regular Flavoured latte - Hazelnut - 2.55, Regular Flavoured latte - Hazelnut - 2.55, Large Flavoured iced latte - Caramel - 3.25",11.1,CARD,9662814834913413
28/04/2025 10:10,Bristol,Matthew Johnson,"Large Flavoured latte - Hazelnut - 2.85, Regular Flavoured latte - Hazelnut - 2.55, Large Flavoured latte - Hazelnut - 2.85, Regular Flavoured iced latte - Caramel - 2.75, Regular Flavoured iced latte - Caramel - 2.75",13.75,CARD,2576014655096641
28/04/2025 10:11,Bristol,Stella Eggleston,"Regular Flavoured latte - Hazelnut - 2.55, Regular Flavoured latte - Hazelnut - 2.55, Large Flavoured latte - Hazelnut - 2.85",7.95,CARD,1146437468939166
28/04/2025 10:13,Bristol,Greg Spear,"Large Flavoured iced latte - Caramel - 3.25, Regular Flavoured latte - Hazelnut - 2.55, Regular Flavoured iced latte - Caramel - 2.75",8.55,CASH,
28/04/2025 10:14,Bristol,Levi Norman,Regular Flavoured iced latte - Caramel - 2.75,2.75,CARD,8658839480677172
28/04/2025 10:15,Bristol,Sandra Blue,"Large Flavoured latte - Hazelnut - 2.85, Large Flavoured iced latte - Caramel - 3.25, Large Flavoured iced latte - Caramel - 3.25, Large Flavoured latte - Hazelnut - 2.85",12.2,CASH,
28/04/2025 10:17,Bristol,Rosa Mcduffie,"Regular Flavoured iced latte - Caramel - 2.75, Large Flavoured latte - Hazelnut - 2.85",5.6,CARD,5009130057629669
28/04/2025 10:18,Bristol,Ronnie Roddick,"Large Flavoured latte - Hazelnut - 2.85, Regular Flavoured latte - Hazelnut - 2.55, Regular Flavoured latte - Hazelnut - 2.55",7.95,CARD,6063169314475937
28/04/2025 10:19,Bristol,Charles Harrison,Large Flavoured iced latte - Caramel - 3.25,3.25,CASH,
28/04/2025 10:21,Bristol,Mary Sprinkle,"Large Flavoured latte - Hazelnut - 2.85, Large Flavoured iced latte - Caramel - 3.25, Regular Flavoured latte - Hazelnut - 2.55, Large Flavoured latte - Hazelnut - 2.85, Large Flavoured latte - Hazelnut - 2.85, Large Flavoured iced latte - Caramel - 3.25",17.6,CASH,
28/04/2025 10:22,Bristol,Travis Norris,Large Flavoured iced latte - Caramel - 3.25,3.25,CARD,1760859068363503
28/04/2025 10:23,Bristol,Melody Raymond,"Large Flavoured latte - Hazelnut - 2.85, Regular Flavoured latte - Hazelnut - 2.55, Large Flavoured latte - Hazelnut - 2.85, Regular Flavoured latte - Hazelnut - 2.55, Regular Flavoured iced latte - Caramel - 2.75",13.55,CARD,1579012729653729
28/04/2025 10:25,Bristol,Sherry Snyder,Large Flavoured iced latte - Caramel - 3.25,3.25,CARD,5544296565513428
28/04/2025 10:26,Bristol,Donna Geoghegan,"Large Flavoured iced latte - Caramel - 3.25, Large Flavoured iced latte - Caramel - 3.25, Large Flavoured latte - Hazelnut - 2.85",9.35,CARD,2869015437490775
28/04/2025 10:27,Bristol,Patrick Jackson,"Large Flavoured iced latte - Caramel - 3.25, Large Flavoured latte - Hazelnut - 2.85",6.1,CARD,6267201046234619
28/04/2025 10:29,Bristol,Donald Reppe,Large Flavoured iced latte - Caramel - 3.25,3.25,CASH,
28/04/2025 10:30,Bristol,Alexander Dupree,"Large Flavoured latte - Hazelnut - 2.85, Regular Flavoured latte - Hazelnut - 2.55, Large Flavoured iced latte - Caramel - 3.25, Regular Flavoured iced latte - Caramel - 2.75",11.4,CARD,4003786563761299
28/04/2025 10:31,Bristol,Suzanne Carter,"Regular Flavoured latte - Hazelnut - 2.55, Regular Flavoured iced latte - Caramel - 2.75, Large Flavoured iced latte - Caramel - 3.25",8.55,CARD,8942447303192763
28/04/2025 10:33,Bristol,Mary Crawford,"Regular Flavoured iced latte - Caramel - 2.75, Large Flavoured latte - Hazelnut - 2.85, Large Flavoured iced latte - Caramel - 3.25",8.85,CARD,3407764487492716
28/04/2025 10:34,Bristol,Mac Mccombs,Large Flavoured iced latte - Caramel - 3.25,3.25,CARD,6695471101293046
28/04/2025 10:35,Bristol,Richard Kinney,"Large Flavoured iced latte - Caramel - 3.25, Regular Flavoured iced latte - Caramel - 2.75, Regular Flavoured latte - Hazelnut - 2.55",8.55,CARD,6483456176333081
28/04/2025 10:37,Bristol,Shawn Heyer,"Large Flavoured latte - Hazelnut - 2.85, Regular Flavoured iced latte - Caramel - 2.75, Regular Flavoured latte - Hazelnut - 2.55, Regular Flavoured latte - Hazelnut - 2.55",10.7,CARD,4238594316050560
28/04/2025 10:38,Bristol,Jamie Godfrey,"Regular Flavoured latte - Hazelnut - 2.55, Regular Flavoured latte - Hazelnut - 2.55, Regular Flavoured latte - Hazelnut - 2.55",7.65,CARD,2489076062955821
28/04/2025 10:40,Bristol,Kristen Fedezko,"Large Flavoured latte - Hazelnut - 2.85, Large Flavoured latte - Hazelnut - 2.85, Regular Flavoured iced latte - Caramel - 2.75",8.45,CARD,6458173435567906
28/04/2025 10:41,Bristol,Martha Corey,"Regular Flavoured latte - Hazelnut - 2.55, Large Flavoured iced latte - Caramel - 3.25",5.8,CARD,3771319172922564
28/04/2025 10:42,Bristol,Walter Jackson,"Large Flavoured latte - Hazelnut - 2.85, Regular Flavoured latte - Hazelnut - 2.55, Large Flavoured latte - Hazelnut - 2.85",8.25,CARD,3138937863156469
28/04/2025 10:44,Bristol,Eleanor Green,Regular Flavoured iced latte - Caramel - 2.75,2.75,CARD,3934350494086140
28/04/2025 10:45,Bristol,Rick Koch,"Large Flavoured latte - Hazelnut - 2.85, Regular Flavoured latte - Hazelnut - 2.55",5.4,CARD,1165225972596861
28/04/2025 10:46,Bristol,Juanita Fairley,"Regular Flavoured latte - Hazelnut - 2.55, Regular Flavoured iced latte - Caramel - 2.75, Regular Flavoured iced latte - Caramel - 2.75",8.05,CARD,2731783562724057
28/04/2025 10:48,Bristol,Birgit Wesson,Large Flavoured latte - Hazelnut - 2.85,2.85,CARD,1677926269825118
28/04/2025 10:49,Bristol,Mark Ou,"Large Flavoured latte - Hazelnut - 2.85, Large Flavoured iced latte - Caramel - 3.25, Large Flavoured latte - Hazelnut - 2.85",8.95,CARD,1068084472610694
28/04/2025 10:50,Bristol,Leonard Cornelius,"Large Flavoured iced latte - Caramel - 3.25, Large Flavoured latte - Hazelnut - 2.85",6.1,CARD,7488957240468008
28/04/2025 10:52,Bristol,Martha Jones,"Large Flavoured latte - Hazelnut - 2.85, Large Flavoured latte - Hazelnut - 2.85",5.7,CARD,7873104108968537
28/04/2025 10:53,Bristol,Raymond Silverman,"Regular Flavoured latte - Hazelnut - 2.55, Large Flavoured iced latte - Caramel - 3.25, Large Flavoured latte - Hazelnut - 2.85, Regular Flavoured iced latte - Caramel - 2.75, Regular Flavoured latte - Hazelnut - 2.55",13.95,CASH,
28/04/2025 10:54,Bristol,Donald Camel,"Large Flavoured iced latte - Caramel - 3.25, Regular Flavoured iced latte - Caramel - 2.75, Regular Flavoured iced latte - Caramel - 2.75, Large Flavoured iced latte - Caramel - 3.25",12.0,CARD,8167580193474598
28/04/2025 10:56,Bristol,Felica Summers,Large Flavoured iced latte - Caramel - 3.25,3.25,CASH,
28/04/2025 10:57,Bristol,Richard Hill,"Regular Flavoured iced latte - Caramel - 2.75, Regular Flavoured iced latte - Caramel - 2.75, Regular Flavoured iced latte - Caramel - 2.75, Large Flavoured iced latte - Caramel - 3.25, Large Flavoured iced latte - Caramel - 3.25, Regular Flavoured iced latte - Caramel - 2.75",17.5,CASH,
28/04/2025 10:58,Bristol,Brian Young,"Large Flavoured iced latte - Caramel - 3.25, Regular Flavoured latte - Hazelnut - 2.55, Regular Flavoured latte - Hazelnut - 2.55, Regular Flavoured latte - Hazelnut - 2.55, Large Flavoured iced latte - Caramel - 3.25",14.15,CASH,
28/04/2025 11:00,Bristol,Ronald Baker,"Large Flavoured iced latte - Caramel - 3.25, Large Flavoured latte - Hazelnut - 2.85, Regular Flavoured iced latte - Caramel - 2.75",8.85,CASH,
28/04/2025 11:05,Bristol,Eleanor Cox,Regular Flavoured iced latte - Caramel - 2.75,2.75,CARD,1572446950027350
28/04/2025 11:10,Bristol,Bernard Halley,"Regular Flavoured latte - Hazelnut - 2.55, Regular Flavoured iced latte - Caramel - 2.75, Large Flavoured latte - Hazelnut - 2.85, Large Flavoured latte - Hazelnut - 2.85, Regular Flavoured latte - Hazelnut - 2.55",13.55,CARD,1025136993972632
28/04/2025 11:15,Bristol,Raymond Tuley,"Regular Flavoured iced latte - Caramel - 2.75, Large Flavoured latte - Hazelnut - 2.85, Large Flavoured iced latte - Caramel - 3.25, Regular Flavoured iced latte - Caramel - 2.75, Large Flavoured iced latte - Caramel - 3.25",14.85,CASH,
28/04/2025 11:20,Bristol,Kerry Gugino,"Large Flavoured iced latte - Caramel - 3.25, Regular Flavoured latte - Hazelnut - 2.55, Regular Flavoured latte - Hazelnut - 2.55",8.35,CARD,3658417128210691
28/04/2025 11:25,Bristol,Suzanne Brown,"Large Flavoured latte - Hazelnut - 2.85, Regular Flavoured latte - Hazelnut - 2.55, Large Flavoured iced latte - Caramel - 3.25",8.65,CARD,1359365779842068
28/04/2025 11:30,Bristol,William Suggett,Regular Flavoured iced latte - Caramel - 2.75,2.75,CASH,
28/04/2025 11:35,Bristol,Clara Norman,"Regular Flavoured latte - Hazelnut - 2.55, Large Flavoured iced latte - Caramel - 3.25, Regular Flavoured iced latte - Caramel - 2.75",8.55,CARD,5846791385075020
28/04/2025 11:40,Bristol,Sherry Cunningham,"Regular Flavoured iced latte - Caramel - 2.75, Regular Flavoured latte - Hazelnut - 2.55",5.3,CARD,3504133797793052
28/04/2025 11:45,Bristol,Robert Keith,Regular Flavoured iced latte - Caramel - 2.75,2.75,CARD,6760792449869832
28/04/2025 11:50,Bristol,Heather Storjohann,"Large Flavoured iced latte - Caramel - 3.25, Regular Flavoured latte - Hazelnut - 2.55",5.8,CARD,8329569983614472
28/04/2025 11:55,Bristol,Alton Aguillon,"Regular Flavoured iced latte - Caramel - 2.75, Large Flavoured latte - Hazelnut - 2.85",5.6,CARD,5228515269209418
28/04/2025 12:00,Bristol,Ronald Todd,"Regular Flavoured latte - Hazelnut - 2.55, Regular Flavoured iced latte - Caramel - 2.75, Large Flavoured latte - Hazelnut - 2.85, Regular Flavoured latte - Hazelnut - 2.55",10.7,CARD,9181490252396447
28/04/2025 12:15,Bristol,Cherilyn Cloud,"Regular Flavoured latte - Hazelnut - 2.55, Regular Flavoured latte - Hazelnut - 2.55",5.1,CARD,6195203313331036
28/04/2025 12:30,Bristol,Patricia Pybus,"Large Flavoured latte - Hazelnut - 2.85, Regular Flavoured iced latte - Caramel - 2.75, Regular Flavoured iced latte - Caramel - 2.75, Large Flavoured latte - Hazelnut - 2.85",11.2,CARD,5264522099195365
28/04/2025 12:45,Bristol,Richard Fleming,Regular Flavoured iced latte - Caramel - 2.75,2.75,CARD,3445359176688244
28/04/2025 13:00,Bristol,Carla Daley,"Regular Flavoured iced latte - Caramel - 2.75, Regular Flavoured iced latte - Caramel - 2.75, Large Flavoured latte - Hazelnut - 2.85, Large Flavoured latte - Hazelnut - 2.85, Regular Flavoured iced latte - Caramel - 2.75",13.95,CARD,3909818592654287
28/04/2025 13:02,Bristol,Timothy Catrone,Large Flavoured iced latte - Caramel - 3.25,3.25,CARD,6250270678071223
28/04/2025 13:05,Bristol,Kristina Witham,"Large Flavoured latte - Hazelnut - 2.85, Regular Flavoured latte - Hazelnut - 2.55",5.4,CARD,2341114844554660
28/04/2025 13:08,Bristol,Helen Robinson,Regular Flavoured latte - Hazelnut - 2.55,2.55,CARD,9155405121304944
28/04/2025 13:10,Bristol,Nicholas Mayes,"Large Flavoured latte - Hazelnut - 2.85, Regular Flavoured iced latte - Caramel - 2.75",5.6,CASH,
28/04/2025 13:13,Bristol,Tiffany Cody,"Large Flavoured latte - Hazelnut - 2.85, Large Flavoured iced latte - Caramel - 3.25, Regular Flavoured latte - Hazelnut - 2.55, Large Flavoured latte - Hazelnut - 2.85",11.5,CASH,
28/04/2025 13:15,Bristol,Mary Williams,"Regular Flavoured latte - Hazelnut - 2.55, Large Flavoured iced latte - Caramel - 3.25, Large Flavoured latte - Hazelnut - 2.85, Large Flavoured latte - Hazelnut - 2.85, Large Flavoured iced latte - Caramel - 3.25, Large Flavoured iced latte - Caramel - 3.25",18.0,CARD,3798947135835956
28/04/2025 13:18,Bristol,Raymond Coker,"Large Flavoured latte - Hazelnut - 2.85, Regular Flavoured iced latte - Caramel - 2.75, Regular Flavoured latte - Hazelnut - 2.55",8.15,CASH,
28/04/2025 13:21,Bristol,Mandy Wright,"Large Flavoured iced latte - Caramel - 3.25, Regular Flavoured iced latte - Caramel - 2.75, Regular Flavoured iced latte - Caramel - 2.75",8.75,CARD,7030633291849368
28/04/2025 13:23,Bristol,Michael Rodriguez,"Regular Flavoured iced latte - Caramel - 2.75, Regular Flavoured iced latte - Caramel - 2.75",5.5,CARD,1652461029140538
28/04/2025 13:26,Bristol,Wilbert Hansen,"Large Flavoured latte - Hazelnut - 2.85, Large Flavoured latte - Hazelnut - 2.85, Regular Flavoured latte - Hazelnut - 2.55, Large Flavoured iced latte - Caramel - 3.25",11.5,CARD,9886557046742589
28/04/2025 13:28,Bristol,Natasha Taylor,"Regular Flavoured latte - Hazelnut - 2.55, Large Flavoured iced latte - Caramel - 3.25, Large Flavoured latte - Hazelnut - 2.85, Regular Flavoured iced latte - Caramel - 2.75, Large Flavoured iced latte - Caramel - 3.25, Large Flavoured iced latte - Caramel - 3.25",17.9,CARD,8169816379136877
28/04/2025 13:31,Bristol,Hung Kiger,"Regular Flavoured iced latte - Caramel - 2.75, Regular Flavoured iced latte - Caramel - 2.75",5.5,CASH,
28/04/2025 13:34,Bristol,Patricia Compton,"Regular Flavoured latte - Hazelnut - 2.55, Large Flavoured iced latte - Caramel - 3.25, Large Flavoured latte - Hazelnut - 2.85",8.65,CASH,
28/04/2025 13:36,Bristol,Leanne Rodriguez,Large Flavoured latte - Hazelnut - 2.85,2.85,CASH,
28/04/2025 13:39,Bristol,Matthew Patterson,"Large Flavoured iced latte - Caramel - 3.25, Regular Flavoured latte - Hazelnut - 2.55, Large Flavoured iced latte - Caramel - 3.25",9.05,CARD,8926705145842558
28/04/2025 13:41,Bristol,Robert Cooper,"Large Flavoured iced latte - Caramel - 3.25, Large Flavoured iced latte - Caramel - 3.25, Regular Flavoured iced latte - Caramel - 2.75",9.25,CARD,3114730782359152
28/04/2025 13:44,Bristol,Lois Schilling,"Regular Flavoured latte - Hazelnut - 2.55, Large Flavoured latte - Hazelnut - 2.85",5.4,CARD,1260281731872284
28/04/2025 13:47,Bristol,Kenneth Askins,"Regular Flavoured iced latte - Caramel - 2.75, Regular Flavoured iced latte - Caramel - 2.75",5.5,CARD,3257246866494180
28/04/2025 13:49,Bristol,Jed Reeve,Large Flavoured latte - Hazelnut - 2.85,2.85,CARD,4227057385463547
28/04/2025 13:52,Bristol,Alice Hager,"Large Flavoured latte - Hazelnut - 2.85, Regular Flavoured latte - Hazelnut - 2.55, Regular Flavoured latte - Hazelnut - 2.55",7.95,CARD,5954246399218883
28/04/2025 13:54,Bristol,Robert Montz,"Large Flavoured iced latte - Caramel - 3.25, Large Flavoured latte - Hazelnut - 2.85, Large Flavoured iced latte - Caramel - 3.25",9.35,CARD,4635350000289319
28/04/2025 13:57,Bristol,Jennie Brandt,Large Flavoured iced latte - Caramel - 3.25,3.25,CARD,2099129645333291
28/04/2025 14:00,Bristol,Christopher Numbers,"Regular Flavoured latte - Hazelnut - 2.55, Regular Flavoured iced latte - Caramel - 2.75, Regular Flavoured latte - Hazelnut - 2.55, Regular Flavoured latte - Hazelnut - 2.55",10.4,CARD,3355536947215771
28/04/2025 14:01,Bristol,Bonnie Alston,"Regular Flavoured iced latte - Caramel - 2.75, Large Flavoured latte - Hazelnut - 2.85, Regular Flavoured latte - Hazelnut - 2.55",8.15,CARD,3815430451879310
28/04/2025 14:03,Bristol,Christopher Stubbs,"Large Flavoured latte - Hazelnut - 2.85, Regular Flavoured latte - Hazelnut - 2.55, Regular Flavoured latte - Hazelnut - 2.55",7.95,CARD,4917507718040433
28/04/2025 14:05,Bristol,Andrew Mondino,Regular Flavoured latte - Hazelnut - 2.55,2.55,CARD,1885540319338464
28/04/2025 14:07,Bristol,Anita Mcabee,"Large Flavoured latte - Hazelnut - 2.85, Regular Flavoured iced latte - Caramel - 2.75",5.6,CARD,1034325690983207
28/04/2025 14:08,Bristol,James Meadows,"Regular Flavoured iced latte - Caramel - 2.75, Regular Flavoured iced latte - Caramel - 2.75, Regular Flavoured iced latte - Caramel - 2.75, Large Flavoured latte - Hazelnut - 2.85",11.1,CARD,7911511200515821
28/04/2025 14:10,Bristol,Marie Legg,"Large Flavoured latte - Hazelnut - 2.85, Regular Flavoured iced latte - Caramel - 2.75, Large Flavoured latte - Hazelnut - 2.85",8.45,CARD,2799512519905786
28/04/2025 14:12,Bristol,Vito Camille,"Large Flavoured latte - Hazelnut - 2.85, Large Flavoured iced latte - Caramel - 3.25, Large Flavoured iced latte - Caramel - 3.25",9.35,CARD,7848758552295097
28/04/2025 14:14,Bristol,Carlo Fry,"Regular Flavoured latte - Hazelnut - 2.55, Regular Flavoured iced latte - Caramel - 2.75",5.3,CARD,1570211760367331
28/04/2025 14:15,Bristol,Rebecca Stewart,"Large Flavoured latte - Hazelnut - 2.85, Regular Flavoured iced latte - Caramel - 2.75",5.6,CASH,
28/04/2025 14:17,Bristol,Paul Tonkin,"Regular Flavoured iced latte - Caramel - 2.75, Large Flavoured latte - Hazelnut - 2.85",5.6,CASH,
28/04/2025 14:19,Bristol,Jarvis Banks,Regular Flavoured latte - Hazelnut - 2.55,2.55,CARD,1008548745578608
28/04/2025 14:21,Bristol,Thomas Russell,Large Flavoured latte - Hazelnut - 2.85,2.85,CARD,1544636643831034
28/04/2025 14:22,Bristol,Madeleine Swanson,"Large Flavoured latte - Hazelnut - 2.85, Regular Flavoured iced latte - Caramel - 2.75, Regular Flavoured latte - Hazelnut - 2.55",8.15,CARD,6608121719502991
28/04/2025 14:24,Bristol,Jonathan Jones,"Large Flavoured iced latte - Caramel - 3.25, Large Flavoured latte - Hazelnut - 2.85, Regular Flavoured latte - Hazelnut - 2.55",8.65,CASH,
28/04/2025 14:26,Bristol,Jessica Dunlap,"Regular Flavoured iced latte - Caramel - 2.75, Regular Flavoured latte - Hazelnut - 2.55, Regular Flavoured iced latte - Caramel - 2.75, Large Flavoured iced latte - Caramel - 3.25, Regular Flavoured iced latte - Caramel - 2.75, Regular Flavoured iced latte - Caramel - 2.75",16.8,CASH,
28/04/2025 14:28,Bristol,Lisa Sansburn,"Regular Flavoured iced latte - Caramel - 2.75, Regular Flavoured iced latte - Caramel - 2.75, Large Flavoured latte - Hazelnut - 2.85",8.35,CARD,6329521836519649
28/04/2025 14:29,Bristol,Wayne Masin,"Regular Flavoured iced latte - Caramel - 2.75, Regular Flavoured latte - Hazelnut - 2.55, Large Flavoured iced latte - Caramel - 3.25, Regular Flavoured latte - Hazelnut - 2.55",11.1,CARD,8527972376711044
28/04/2025 14:31,Bristol,Margaret Shiflett,"Regular Flavoured iced latte - Caramel - 2.75, Regular Flavoured latte - Hazelnut - 2.55, Regular Flavoured iced latte - Caramel - 2.75, Large Flavoured iced latte - Caramel - 3.25",11.3,CARD,1782222324329473
28/04/2025 14:33,Bristol,Larry Merrick,Regular Flavoured iced latte - Caramel - 2.75,2.75,CARD,8975321736687842
28/04/2025 14:35,Bristol,April Burns,"Large Flavoured latte - Hazelnut - 2.85, Regular Flavoured latte - Hazelnut - 2.55, Large Flavoured iced latte - Caramel - 3.25",8.65,CASH,
28/04/2025 14:36,Bristol,Mark Headley,"Regular Flavoured iced latte - Caramel - 2.75, Regular Flavoured iced latte - Caramel - 2.75",5.5,CARD,5997675841300766
28/04/2025 14:38,Bristol,Doris Devenny,"Regular Flavoured iced latte - Caramel - 2.75, Regular Flavoured latte - Hazelnut - 2.55",5.3,CARD,4918093116677661
28/04/2025 14:40,Bristol,Thomas Mcculley,"Regular Flavoured iced latte - Caramel - 2.75, Regular Flavoured iced latte - Caramel - 2.75",5.5,CARD,2934016266347927
28/04/2025 14:42,Bristol,Jack Randolph,"Large Flavoured latte - Hazelnut - 2.85, Large Flavoured iced latte - Caramel - 3.25",6.1,CARD,3086805895112113
28/04/2025 14:43,Bristol,Jacob Gepner,"Large Flavoured iced latte - Caramel - 3.25, Large Flavoured latte - Hazelnut - 2.85, Regular Flavoured iced latte - Caramel - 2.75, Regular Flavoured latte - Hazelnut - 2.55",11.4,CARD,4522103455316873
28/04/2025 14:45,Bristol,Charles Lloyd,Large Flavoured iced latte - Caramel - 3.25,3.25,CARD,7286942818713446
28/04/2025 14:47,Bristol,Lynda Gross,"Regular Flavoured latte - Hazelnut - 2.55, Regular Flavoured latte - Hazelnut - 2.55",5.1,CARD,5742845193063383
28/04/2025 14:49,Bristol,Kathryn Terry,"Large Flavoured iced latte - Caramel - 3.25, Large Flavoured iced latte - Caramel - 3.25, Regular Flavoured iced latte - Caramel - 2.75, Large Flavoured iced latte - Caramel - 3.25, Large Flavoured latte - Hazelnut - 2.85, Regular Flavoured latte - Hazelnut - 2.55",17.9,CASH,
28/04/2025 14:51,Bristol,Marian Pichardo,Large Flavoured latte - Hazelnut - 2.85,2.85,CARD,4249382911986242
28/04/2025 14:52,Bristol,Ernest Matthews,Regular Flavoured iced latte - Caramel - 2.75,2.75,CASH,
28/04/2025 14:54,Bristol,Kathleen Reid,"Regular Flavoured latte - Hazelnut - 2.55, Large Flavoured iced latte - Caramel - 3.25, Large Flavoured latte - Hazelnut - 2.85",8.65,CARD,8429768472743488
28/04/2025 14:56,Bristol,Robert Cross,"Large Flavoured latte - Hazelnut - 2.85, Regular Flavoured iced latte - Caramel - 2.75, Regular Flavoured latte - Hazelnut - 2.55, Large Flavoured iced latte - Caramel - 3.25",11.4,CARD,9361912006894945
28/04/2025 14:58,Bristol,Tiny Pagel,"Large Flavoured latte - Hazelnut - 2.85, Large Flavoured iced latte - Caramel - 3.25, Large Flavoured iced latte - Caramel - 3.25",9.35,CARD,1814874382083339
28/04/2025 14:59,Bristol,Peter Bloom,"Regular Flavoured latte - Hazelnut - 2.55, Regular Flavoured latte - Hazelnut - 2.55",5.1,CASH,
28/04/2025 15:01,Bristol,Veronica Richardson,"Large Flavoured iced latte - Caramel - 3.25, Large Flavoured latte - Hazelnut - 2.85, Regular Flavoured iced latte - Caramel - 2.75, Regular Flavoured iced latte - Caramel - 2.75",11.6,CARD,9323511894252419
28/04/2025 15:03,Bristol,Barbara Fremont,Large Flavoured iced latte - Caramel - 3.25,3.25,CASH,
28/04/2025 15:05,Bristol,Otis Deck,"Large Flavoured latte - Hazelnut - 2.85, Regular Flavoured latte - Hazelnut - 2.55",5.4,CARD,7353989735594167
28/04/2025 15:07,Bristol,Susie Granata,"Regular Flavoured iced latte - Caramel - 2.75, Large Flavoured iced latte - Caramel - 3.25, Regular Flavoured latte - Hazelnut - 2.55",8.55,CARD,2347087170846987
28/04/2025 15:09,Bristol,James Pruneda,"Regular Flavoured iced latte - Caramel - 2.75, Regular Flavoured latte - Hazelnut - 2.55, Large Flavoured iced latte - Caramel - 3.25",8.55,CASH,
28/04/2025 15:11,Bristol,John Harris,Large Flavoured latte - Hazelnut - 2.85,2.85,CARD,8087977155785111
28/04/2025 15:13,Bristol,John Arnold,"Large Flavoured iced latte - Caramel - 3.25, Regular Flavoured iced latte - Caramel - 2.75",6.0,CARD,6033915433631774
28/04/2025 15:15,Bristol,Sam Babino,Large Flavoured latte - Hazelnut - 2.85,2.85,CASH,
28/04/2025 15:17,Bristol,Juan Dalton,"Large Flavoured latte - Hazelnut - 2.85, Regular Flavoured latte - Hazelnut - 2.55, Regular Flavoured latte - Hazelnut - 2.55, Large Flavoured latte - Hazelnut - 2.85, Large Flavoured latte - Hazelnut - 2.85",13.65,CARD,5069691699318524
28/04/2025 15:18,Bristol,Juan Ware,"Large Flavoured latte - Hazelnut - 2.85, Large Flavoured iced latte - Caramel - 3.25, Regular Flavoured latte - Hazelnut - 2.55, Regular Flavoured iced latte - Caramel - 2.75",11.4,CASH,
28/04/2025 15:20,Bristol,Arnold Bell,"Regular Flavoured latte - Hazelnut - 2.55, Large Flavoured iced latte - Caramel - 3.25, Large Flavoured latte - Hazelnut - 2.85",8.65,CARD,3578584808716533
28/04/2025 15:22,Bristol,Robert Poirier,"Regular Flavoured iced latte - Caramel - 2.75, Regular Flavoured latte - Hazelnut - 2.55, Regular Flavoured latte - Hazelnut - 2.55, Large Flavoured iced latte - Caramel - 3.25, Regular Flavoured latte - Hazelnut - 2.55",13.65,CASH,
28/04/2025 15:24,Bristol,Amanda Oday,"Regular Flavoured latte - Hazelnut - 2.55, Large Flavoured latte - Hazelnut - 2.85",5.4,CASH,
28/04/2025 15:26,Bristol,Patricia Ball,Regular Flavoured latte - Hazelnut - 2.55,2.55,CARD,5695360816393574
28/04/2025 15:28,Bristol,Patricia Weathers,Large Flavoured latte - Hazelnut - 2.85,2.85,CARD,3100570324349172
28/04/2025 15:30,Bristol,Jose Proctor,"Regular Flavoured iced latte - Caramel - 2.75, Large Flavoured iced latte - Caramel - 3.25",6.0,CARD,2692095983774122
28/04/2025 15:32,Bristol,Joseph Roher,"Regular Flavoured iced latte - Caramel - 2.75, Large Flavoured iced latte - Caramel - 3.25",6.0,CASH,
28/04/2025 15:34,Bristol,Morgan Miranda,"Large Flavoured latte - Hazelnut - 2.85, Large Flavoured iced latte - Caramel - 3.25, Large Flavoured iced latte - Caramel - 3.25, Large Flavoured latte - Hazelnut - 2.85",12.2,CARD,9549651652468201
28/04/2025 15:36,Bristol,William Triana,Regular Flavoured iced latte - Caramel - 2.75,2.75,CARD,5098972880384772
28/04/2025 15:38,Bristol,Betsy Skowronek,"Regular Flavoured iced latte - Caramel - 2.75, Regular Flavoured latte - Hazelnut - 2.55, Regular Flavoured iced latte - Caramel - 2.75, Regular Flavoured latte - Hazelnut - 2.55",10.6,CARD,4288757641842964
28/04/2025 15:40,Bristol,Helen Fitzgerald,Regular Flavoured iced latte - Caramel - 2.75,2.75,CARD,3536435810733180
28/04/2025 15:42,Bristol,Phillip Boren,Large Flavoured iced latte - Caramel - 3.25,3.25,CARD,9567128352743287
28/04/2025 15:44,Bristol,Robert Newby,"Regular Flavoured iced latte - Caramel - 2.75, Regular Flavoured iced latte - Caramel - 2.75",5.5,CASH,
28/04/2025 15:46,Bristol,Barbara Brown,Regular Flavoured latte - Hazelnut - 2.55,2.55,CASH,
28/04/2025 15:47,Bristol,Richard Keeton,"Regular Flavoured latte - Hazelnut - 2.55, Regular Flavoured iced latte - Caramel - 2.75, Regular Flavoured iced latte - Caramel - 2.75, Regular Flavoured latte - Hazelnut - 2.55, Regular Flavoured iced latte - Caramel - 2.75, Regular Flavoured iced latte - Caramel - 2.75",16.1,CARD,8211063050738337
28/04/2025 15:49,Bristol,Julie Crain,"Regular Flavoured iced latte - Caramel - 2.75, Regular Flavoured iced latte - Caramel - 2.75, Regular Flavoured iced latte - Caramel - 2.75",8.25,CASH,
28/04/2025 15:51,Bristol,Debra White,"Regular Flavoured latte - Hazelnut - 2.55, Regular Flavoured latte - Hazelnut - 2.55, Regular Flavoured latte - Hazelnut - 2.55, Large Flavoured latte - Hazelnut - 2.85, Large Flavoured iced latte - Caramel - 3.25, Regular Flavoured iced latte - Caramel - 2.75",16.5,CARD,8965917585539569
28/04/2025 15:53,Bristol,Bradley Henderson,Regular Flavoured latte - Hazelnut - 2.55,2.55,CARD,4029127333978728
28/04/2025 15:55,Bristol,Carolyn Murphy,"Regular Flavoured latte - Hazelnut - 2.55, Regular Flavoured latte - Hazelnut - 2.55",5.1,CARD,4792762202909048
28/04/2025 15:57,Bristol,Micheal Helfrich,"Large Flavoured latte - Hazelnut - 2.85, Regular Flavoured latte - Hazelnut - 2.55",5.4,CARD,4018705934253080
28/04/2025 15:59,Bristol,Ruth Hopkins,Large Flavoured iced latte - Caramel - 3.25,3.25,CASH,
28/04/2025 16:01,Bristol,Richard Lenhardt,"Large Flavoured latte - Hazelnut - 2.85, Large Flavoured latte - Hazelnut - 2.85",5.7,CARD,2299070254195326
28/04/2025 16:05,Bristol,Esther Staples,"Large Flavoured iced latte - Caramel - 3.25, Regular Flavoured latte - Hazelnut - 2.55",5.8,CARD,4750550143190018
28/04/2025 16:08,Bristol,Anita Burton,"Large Flavoured iced latte - Caramel - 3.25, Regular Flavoured iced latte - Caramel - 2.75",6.0,CARD,7086664195853392
28/04/2025 16:12,Bristol,Dolly Green,Regular Flavoured iced latte - Caramel - 2.75,2.75,CARD,8005489571623114
28/04/2025 16:15,Bristol,Jess Koontz,Regular Flavoured iced latte - Caramel - 2.75,2.75,CARD,9521084065495547
28/04/2025 16:19,Bristol,Charlotte Perrins,"Regular Flavoured iced latte - Caramel - 2.75, Large Flavoured iced latte - Caramel - 3.25, Regular Flavoured iced latte - Caramel - 2.75, Regular Flavoured iced latte - Caramel - 2.75",11.5,CARD,3638289906385429
28/04/2025 16:22,Bristol,Danelle Burns,Large Flavoured latte - Hazelnut - 2.85,2.85,CARD,4672442425913803
28/04/2025 16:26,Bristol,Rita Hogan,"Large Flavoured iced latte - Caramel - 3.25, Regular Flavoured latte - Hazelnut - 2.55, Regular Flavoured iced latte - Caramel - 2.75, Regular Flavoured latte - Hazelnut - 2.55, Large Flavoured latte - Hazelnut - 2.85",13.95,CARD,9838769255816622
28/04/2025 16:29,Bristol,Brent Stone,"Large Flavoured latte - Hazelnut - 2.85, Large Flavoured latte - Hazelnut - 2.85, Large Flavoured latte - Hazelnut - 2.85, Regular Flavoured latte - Hazelnut - 2.55",11.1,CARD,6780000046360641
28/04/2025 16:33,Bristol,Elizabeth Woodman,Regular Flavoured latte - Hazelnut - 2.55,2.55,CARD,8377811578215288
28/04/2025 16:36,Bristol,Robert Cruz,"Regular Flavoured iced latte - Caramel - 2.75, Large Flavoured latte - Hazelnut - 2.85, Regular Flavoured iced latte - Caramel - 2.75",8.35,CARD,2673951617431927
28/04/2025 16:40,Bristol,Robert Sanderson,"Regular Flavoured iced latte - Caramel - 2.75, Large Flavoured iced latte - Caramel - 3.25, Large Flavoured iced latte - Caramel - 3.25, Regular Flavoured iced latte - Caramel - 2.75, Regular Flavoured iced latte - Caramel - 2.75, Regular Flavoured latte - Hazelnut - 2.55",17.3,CARD,1266555927621470
28/04/2025 16:43,Bristol,Robert Taggart,Large Flavoured iced latte - Caramel - 3.25,3.25,CARD,8129216846612956
28/04/2025 16:47,Bristol,Angela Brown,"Regular Flavoured latte - Hazelnut - 2.55, Large Flavoured iced latte - Caramel - 3.25",5.8,CARD,1327784757149418
28/04/2025 16:50,Bristol,Glenda Rowland,"Large Flavoured iced latte - Caramel - 3.25, Large Flavoured iced latte - Caramel - 3.25",6.5,CARD,2078205811536273
28/04/2025 16:54,Bristol,Robert Weber,"Regular Flavoured iced latte - Caramel - 2.75, Regular Flavoured latte - Hazelnut - 2.55, Large Flavoured latte - Hazelnut - 2.85, Large Flavoured iced latte - Caramel - 3.25, Large Flavoured iced latte - Caramel - 3.25",14.65,CASH,
28/04/2025 16:57,Bristol,Tracy Haywood,Regular Flavoured iced latte - Caramel - 2.75,2.75,CASH,
28/04/2025 17:01,Bristol,Myra Younger,Regular Flavoured iced latte - Caramel - 2.75,2.75,CARD,6498183736033632
28/04/2025 17:04,Bristol,Rosa Schmidt,"Regular Flavoured latte - Hazelnut - 2.55, Regular Flavoured latte - Hazelnut - 2.55, Regular Flavoured iced latte - Caramel - 2.75",7.85,CARD,7342759273763153
28/04/2025 17:07,Bristol,Travis Lopez,"Large Flavoured latte - Hazelnut - 2.85, Large Flavoured iced latte - Caramel - 3.25",6.1,CARD,7063531908897454
28/04/2025 17:10,Bristol,Amparo Langley,"Regular Flavoured iced latte - Caramel - 2.75, Large Flavoured latte - Hazelnut - 2.85",5.6,CARD,1274324345904204
28/04/2025 17:13,Bristol,Melissa Willis,"Large Flavoured latte - Hazelnut - 2.85, Regular Flavoured latte - Hazelnut - 2.55, Large Flavoured latte - Hazelnut - 2.85",8.25,CARD,5094175329542067
28/04/2025 17:17,Bristol,Mary Russell,Regular Flavoured latte - Hazelnut - 2.55,2.55,CARD,2687456640864088
28/04/2025 17:20,Bristol,Lindsey Jensen,Large Flavoured latte - Hazelnut - 2.85,2.85,CARD,1851332512736031
28/04/2025 17:23,Bristol,Doyle Gonzalez,"Large Flavoured latte - Hazelnut - 2.85, Large Flavoured iced latte - Caramel - 3.25, Large Flavoured iced latte - Caramel - 3.25",9.35,CASH,
28/04/2025 17:26,Bristol,Lawrence Smith,"Regular Flavoured iced latte - Caramel - 2.75, Large Flavoured iced latte - Caramel - 3.25, Large Flavoured iced latte - Caramel - 3.25, Regular Flavoured iced latte - Caramel - 2.75, Regular Flavoured iced latte - Caramel - 2.75, Regular Flavoured iced latte - Caramel - 2.75",17.5,CARD,9381941980574267
28/04/2025 17:29,Bristol,Annabelle Rees,"Large Flavoured latte - Hazelnut - 2.85, Regular Flavoured latte - Hazelnut - 2.55, Large Flavoured latte - Hazelnut - 2.85, Large Flavoured iced latte - Caramel - 3.25",11.5,CARD,3222489610523832
28/04/2025 17:32,Bristol,Sara Tropea,"Regular Flavoured iced latte - Caramel - 2.75, Regular Flavoured iced latte - Caramel - 2.75, Regular Flavoured latte - Hazelnut - 2.55, Large Flavoured latte - Hazelnut - 2.85, Regular Flavoured iced latte - Caramel - 2.75, Large Flavoured iced latte - Caramel - 3.25",16.9,CARD,5813208298476235
28/04/2025 17:35,Bristol,James Gallo,Regular Flavoured iced latte - Caramel - 2.75,2.75,CASH,
28/04/2025 17:39,Bristol,Dorothy Ross,"Regular Flavoured latte - Hazelnut - 2.55, Large Flavoured iced latte - Caramel - 3.25, Regular Flavoured latte - Hazelnut - 2.55, Large Flavoured latte - Hazelnut - 2.85",11.2,CASH,
28/04/2025 17:42,Bristol,Christian Ortega,"Large Flavoured iced latte - Caramel - 3.25, Large Flavoured latte - Hazelnut - 2.85, Regular Flavoured iced latte - Caramel - 2.75, Large Flavoured iced latte - Caramel - 3.25, Large Flavoured iced latte - Caramel - 3.25",15.35,CARD,3281941031366072
28/04/2025 17:45,Bristol,Dennis Caul,"Large Flavoured iced latte - Caramel - 3.25, Large Flavoured iced latte - Caramel - 3.25, Regular Flavoured iced latte - Caramel - 2.75, Regular Flavoured iced latte - Caramel - 2.75",12.0,CARD,2839958225083435
28/04/2025 17:48,Bristol,Scott West,Regular Flavoured iced latte - Caramel - 2.75,2.75,CARD,9437044471380805
28/04/2025 17:51,Bristol,Guadalupe Oliver,Regular Flavoured latte - Hazelnut - 2.55,2.55,CASH,
28/04/2025 17:54,Bristol,Charles Perez,"Large Flavoured latte - Hazelnut - 2.85, Large Flavoured iced latte - Caramel - 3.25",6.1,CARD,7976610976537407
28/04/2025 17:57,Bristol,George Powell,"Large Flavoured latte - Hazelnut - 2.85, Large Flavoured latte - Hazelnut - 2.85, Large Flavoured latte - Hazelnut - 2.85",8.55,CARD,2327507958654726
28/04/2025 18:01,Bristol,Joe Smith,"Regular Flavoured iced latte - Caramel - 2.75, Regular Flavoured latte - Hazelnut - 2.55, Large Flavoured iced latte - Caramel - 3.25, Regular Flavoured latte - Hazelnut - 2.55",11.1,CARD,3788125979833472
28/04/2025 18:02,Bristol,Jesse Greene,Regular Flavoured latte - Hazelnut - 2.55,2.55,CARD,8750673267560625
28/04/2025 18:03,Bristol,Scott Finley,"Regular Flavoured iced latte - Caramel - 2.75, Regular Flavoured iced latte - Caramel - 2.75, Large Flavoured latte - Hazelnut - 2.85",8.35,CASH,
28/04/2025 18:04,Bristol,Joseph Lawson,Regular Flavoured iced latte - Caramel - 2.75,2.75,CARD,3368574802540365
28/04/2025 18:06,Bristol,Winford Wentzel,Large Flavoured iced latte - Caramel - 3.25,3.25,CARD,5069770859499731
28/04/2025 18:07,Bristol,Linda Cox,"Regular Flavoured latte - Hazelnut - 2.55, Large Flavoured iced latte - Caramel - 3.25, Large Flavoured iced latte - Caramel - 3.25",9.05,CARD,5594469918058143
28/04/2025 18:08,Bristol,Cristal Foltz,"Regular Flavoured latte - Hazelnut - 2.55, Large Flavoured latte - Hazelnut - 2.85, Regular Flavoured iced latte - Caramel - 2.75, Large Flavoured latte - Hazelnut - 2.85, Large Flavoured iced latte - Caramel - 3.25",14.25,CARD,5286282259177705
28/04/2025 18:09,Bristol,Maurice Crosby,"Large Flavoured latte - Hazelnut - 2.85, Regular Flavoured iced latte - Caramel - 2.75, Regular Flavoured iced latte - Caramel - 2.75, Regular Flavoured latte - Hazelnut - 2.55, Regular Flavoured iced latte - Caramel - 2.75, Large Flavoured iced latte - Caramel - 3.25",16.9,CARD,2798292220111294
28/04/2025 18:10,Bristol,Daniel Vasquez,Large Flavoured iced latte - Caramel - 3.25,3.25,CARD,7499856252422267
28/04/2025 18:12,Bristol,Iola Mcknight,Large Flavoured iced latte - Caramel - 3.25,3.25,CARD,5072439908250549
28/04/2025 18:13,Bristol,Patricia Boyd,"Regular Flavoured iced latte - Caramel - 2.75, Large Flavoured latte - Hazelnut - 2.85",5.6,CARD,2204730835596772
28/04/2025 18:14,Bristol,Son Freeman,"Regular Flavoured latte - Hazelnut - 2.55, Large Flavoured latte - Hazelnut - 2.85, Large Flavoured iced latte - Caramel - 3.25, Regular Flavoured iced latte - Caramel - 2.75",11.4,CARD,5946410206373545
28/04/2025 18:15,Bristol,Arthur Mohmed,"Large Flavoured latte - Hazelnut - 2.85, Regular Flavoured iced latte - Caramel - 2.75",5.6,CARD,9698017221297732
28/04/2025 18:16,Bristol,John Evans,"Regular Flavoured iced latte - Caramel - 2.75, Regular Flavoured latte - Hazelnut - 2.55, Regular Flavoured latte - Hazelnut - 2.55, Regular Flavoured latte - Hazelnut - 2.55, Large Flavoured iced latte - Caramel - 3.25, Large Flavoured iced latte - Caramel - 3.25",16.9,CASH,
28/04/2025 18:18,Bristol,Zola Curran,"Large Flavoured iced latte - Caramel - 3.25, Regular Flavoured iced latte - Caramel - 2.75, Regular Flavoured iced latte - Caramel - 2.75, Regular Flavoured iced latte - Caramel - 2.75, Large Flavoured iced latte - Caramel - 3.25",14.75,CASH,
28/04/2025 18:19,Bristol,Terry Lopez,Large Flavoured iced latte - Caramel - 3.25,3.25,CARD,1596247100294849
28/04/2025 18:20,Bristol,Maria Tripp,"Large Flavoured latte - Hazelnut - 2.85, Large Flavoured iced latte - Caramel - 3.25, Regular Flavoured latte - Hazelnut - 2.55, Regular Flavoured latte - Hazelnut - 2.55, Large Flavoured latte - Hazelnut - 2.85, Regular Flavoured latte - Hazelnut - 2.55",16.6,CARD,2379993993727731
28/04/2025 18:21,Bristol,Norman Cain,"Large Flavoured iced latte - Caramel - 3.25, Large Flavoured iced latte - Caramel - 3.25, Large Flavoured latte - Hazelnut - 2.85, Large Flavoured iced latte - Caramel - 3.25",12.6,CARD,7178430851019750
28/04/2025 18:23,Bristol,David Benedetto,"Regular Flavoured latte - Hazelnut - 2.55, Regular Flavoured iced latte - Caramel - 2.75",5.3,CARD,1524381068482947
28/04/2025 18:24,Bristol,Nathaniel Fanter,"Regular Flavoured iced latte - Caramel - 2.75, Large Flavoured iced latte - Caramel - 3.25, Regular Flavoured iced latte - Caramel - 2.75, Regular Flavoured iced latte - Caramel - 2.75",11.5,CARD,9509406242520682
28/04/2025 18:25,Bristol,Betty Russell,Large Flavoured latte - Hazelnut - 2.85,2.85,CARD,1923239424681214
28/04/2025 18:26,Bristol,Mark Barrett,Regular Flavoured latte - Hazelnut - 2.55,2.55,CARD,8890299675984643
28/04/2025 18:27,Bristol,Stacy Smith,Large Flavoured latte - Hazelnut - 2.85,2.85,CARD,1982810082999667
28/04/2025 18:29,Bristol,Amelia Shipman,"Regular Flavoured iced latte - Caramel - 2.75, Large Flavoured iced latte - Caramel - 3.25, Regular Flavoured iced latte - Caramel - 2.75",8.75,CASH,
28/04/2025 18:30,Bristol,Lauren Daigle,"Regular Flavoured latte - Hazelnut - 2.55, Large Flavoured iced latte - Caramel - 3.25, Regular Flavoured iced latte - Caramel - 2.75, Large Flavoured latte - Hazelnut - 2.85, Regular Flavoured iced latte - Caramel - 2.75",14.15,CARD,9516342629674255
28/04/2025 18:31,Bristol,Rafael Stewart,Large Flavoured iced latte - Caramel - 3.25,3.25,CARD,7028770151681656
28/04/2025 18:32,Bristol,Jim Fisher,"Regular Flavoured iced latte - Caramel - 2.75, Regular Flavoured latte - Hazelnut - 2.55",5.3,CARD,8361948222389895
28/04/2025 18:33,Bristol,Donna Blake,Large Flavoured iced latte - Caramel - 3.25,3.25,CARD,8630953339757187
28/04/2025 18:35,Bristol,Mark Engle,"Regular Flavoured iced latte - Caramel - 2.75, Large Flavoured latte - Hazelnut - 2.85, Regular Flavoured latte - Hazelnut - 2.55",8.15,CARD,9860250701734047
28/04/2025 18:36,Bristol,John Funderburg,"Regular Flavoured iced latte - Caramel - 2.75, Regular Flavoured iced latte - Caramel - 2.75, Regular Flavoured iced latte - Caramel - 2.75, Large Flavoured latte - Hazelnut - 2.85, Large Flavoured latte - Hazelnut - 2.85",13.95,CARD,7450156507775558
28/04/2025 18:37,Bristol,Marlene Post,Large Flavoured iced latte - Caramel - 3.25,3.25,CARD,1979980646782252
28/04/2025 18:38,Bristol,Shellie Velasquez,Large Flavoured latte - Hazelnut - 2.85,2.85,CASH,
28/04/2025 18:40,Bristol,Bart Erickson,"Large Flavoured latte - Hazelnut - 2.85, Large Flavoured latte - Hazelnut - 2.85",5.7,CARD,5288827374445271
28/04/2025 18:41,Bristol,Justin Johnson,"Large Flavoured latte - Hazelnut - 2.85, Regular Flavoured iced latte - Caramel - 2.75, Large Flavoured latte - Hazelnut - 2.85, Large Flavoured iced latte - Caramel - 3.25",11.7,CASH,
28/04/2025 18:42,Bristol,Anthony Medved,"Regular Flavoured latte - Hazelnut - 2.55, Regular Flavoured latte - Hazelnut - 2.55, Regular Flavoured latte - Hazelnut - 2.55",7.65,CARD,9420227080579601
28/04/2025 18:43,Bristol,Mary Kosco,"Regular Flavoured latte - Hazelnut - 2.55, Regular Flavoured iced latte - Caramel - 2.75, Large Flavoured latte - Hazelnut - 2.85",8.15,CARD,6470678042083956
28/04/2025 18:44,Bristol,Thelma Aucoin,"Large Flavoured latte - Hazelnut - 2.85, Large Flavoured latte - Hazelnut - 2.85, Large Flavoured iced latte - Caramel - 3.25, Large Flavoured iced latte - Caramel - 3.25",12.2,CARD,1963993849989945
28/04/2025 18:46,Bristol,Rebecca Peterson,Large Flavoured iced latte - Caramel - 3.25,3.25,CASH,
28/04/2025 18:47,Bristol,William Hix,"Large Flavoured latte - Hazelnut - 2.85, Large Flavoured iced latte - Caramel - 3.25",6.1,CASH,
28/04/2025 18:48,Bristol,Fred Sabala,"Large Flavoured iced latte - Caramel - 3.25, Large Flavoured iced latte - Caramel - 3.25, Large Flavoured latte - Hazelnut - 2.85, Regular Flavoured iced latte - Caramel - 2.75, Regular Flavoured latte - Hazelnut - 2.55",14.65,CASH,
28/04/2025 18:49,Bristol,Madeline Carn,Large Flavoured iced latte - Caramel - 3.25,3.25,CASH,
28/04/2025 18:51,Bristol,Rachel Sampsell,"Large Flavoured latte - Hazelnut - 2.85, Large Flavoured latte - Hazelnut - 2.85, Large Flavoured latte - Hazelnut - 2.85",8.55,CARD,1890789781481919
28/04/2025 18:52,Bristol,Carrie Jones,"Large Flavoured latte - Hazelnut - 2.85, Large Flavoured latte - Hazelnut - 2.85",5.7,CARD,3254642484082519
28/04/2025 18:53,Bristol,Shirley Kim,"Large Flavoured iced latte - Caramel - 3.25, Large Flavoured iced latte - Caramel - 3.25",6.5,CASH,
28/04/2025 18:54,Bristol,Fred Grundy,"Large Flavoured latte - Hazelnut - 2.85, Large Flavoured latte - Hazelnut - 2.85, Regular Flavoured latte - Hazelnut - 2.55, Large Flavoured iced latte - Caramel - 3.25, Regular Flavoured latte - Hazelnut - 2.55",14.05,CASH,
28/04/2025 18:55,Bristol,Charlotte Heckard,"Regular Flavoured iced latte - Caramel - 2.75, Large Flavoured iced latte - Caramel - 3.25",6.0,CARD,8680224376409804
28/04/2025 18:57,Bristol,Francisco Buchholz,"Regular Flavoured latte - Hazelnut - 2.55, Regular Flavoured iced latte - Caramel - 2.75, Regular Flavoured iced latte - Caramel - 2.75, Regular Flavoured latte - Hazelnut - 2.55, Regular Flavoured latte - Hazelnut - 2.55",13.15,CARD,1658255071673110
28/04/2025 18:58,Bristol,William Clark,"Regular Flavoured iced latte - Caramel - 2.75, Regular Flavoured latte - Hazelnut - 2.55, Regular Flavoured latte - Hazelnut - 2.55, Regular Flavoured latte - Hazelnut - 2.55",10.4,CARD,8220972290984372
28/04/2025 18:59,Bristol,Deborah Crumley,Large Flavoured iced latte - Caramel - 3.25,3.25,CASH,
28/04/2025 19:00,Bristol,Mark Giannotti,"Regular Flavoured latte - Hazelnut - 2.55, Large Flavoured latte - Hazelnut - 2.85, Regular Flavoured latte - Hazelnut - 2.55, Large Flavoured latte - Hazelnut - 2.85, Large Flavoured latte - Hazelnut - 2.85, Large Flavoured latte - Hazelnut - 2.85",16.5,CARD,7119982502132480
28/04/2025 19:02,Bristol,Brett Decarr,"Large Flavoured latte - Hazelnut - 2.85, Regular Flavoured iced latte - Caramel - 2.75, Regular Flavoured latte - Hazelnut - 2.55, Large Flavoured iced latte - Caramel - 3.25",11.4,CASH,
28/04/2025 19:04,Bristol,Rosana Chueng,"Regular Flavoured iced latte - Caramel - 2.75, Regular Flavoured latte - Hazelnut - 2.55, Regular Flavoured latte - Hazelnut - 2.55, Large Flavoured latte - Hazelnut - 2.85, Regular Flavoured latte - Hazelnut - 2.55",13.25,CARD,5380375177132706
28/04/2025 19:06,Bristol,Roberta Edgerson,"Regular Flavoured iced latte - Caramel - 2.75, Regular Flavoured iced latte - Caramel - 2.75, Regular Flavoured latte - Hazelnut - 2.55, Large Flavoured iced latte - Caramel - 3.25",11.3,CARD,7549911921734720
28/04/2025 19:09,Bristol,Charlene Parker,"Large Flavoured iced latte - Caramel - 3.25, Large Flavoured iced latte - Caramel - 3.25, Large Flavoured iced latte - Caramel - 3.25, Large Flavoured latte - Hazelnut - 2.85, Large Flavoured iced latte - Caramel - 3.25, Large Flavoured iced latte - Caramel - 3.25",19.1,CARD,7352086216914856
28/04/2025 19:11,Bristol,Glenn Martin,Large Flavoured iced latte - Caramel - 3.25,3.25,CARD,7259022829390488
28/04/2025 19:13,Bristol,Frances Prather,Regular Flavoured latte - Hazelnut - 2.55,2.55,CASH,
28/04/2025 19:15,Bristol,Clarence Hess,"Regular Flavoured latte - Hazelnut - 2.55, Regular Flavoured latte - Hazelnut - 2.55, Large Flavoured latte - Hazelnut - 2.85, Regular Flavoured iced latte - Caramel - 2.75",10.7,CARD,4841023252365941
28/04/2025 19:17,Bristol,Martina Anderson,"Large Flavoured iced latte - Caramel - 3.25, Large Flavoured iced latte - Caramel - 3.25, Regular Flavoured iced latte - Caramel - 2.75, Large Flavoured latte - Hazelnut - 2.85, Regular Flavoured latte - Hazelnut - 2.55",14.65,CASH,
28/04/2025 19:19,Bristol,Richard Quivers,"Large Flavoured latte - Hazelnut - 2.85, Large Flavoured iced latte - Caramel - 3.25, Large Flavoured iced latte - Caramel - 3.25, Regular Flavoured iced latte - Caramel - 2.75",12.1,CARD,8274609116975462
28/04/2025 19:21,Bristol,Charla Lloyd,"Large Flavoured latte - Hazelnut - 2.85, Regular Flavoured iced latte - Caramel - 2.75",5.6,CARD,8588057001200518
28/04/2025 19:23,Bristol,Louis Searle,"Large Flavoured iced latte - Caramel - 3.25, Regular Flavoured latte - Hazelnut - 2.55, Large Flavoured latte - Hazelnut - 2.85",8.65,CARD,8511835993820707
28/04/2025 19:25,Bristol,Maximo Dickerson,"Large Flavoured latte - Hazelnut - 2.85, Regular Flavoured latte - Hazelnut - 2.55, Large Flavoured latte - Hazelnut - 2.85",8.25,CARD,2677361629424490
28/04/2025 19:27,Bristol,Thelma Leland,"Large Flavoured iced latte - Caramel - 3.25, Regular Flavoured iced latte - Caramel - 2.75, Large Flavoured iced latte - Caramel - 3.25, Regular Flavoured latte - Hazelnut - 2.55",11.8,CASH,
28/04/2025 19:29,Bristol,Cruz Gibson,"Large Flavoured iced latte - Caramel - 3.25, Large Flavoured iced latte - Caramel - 3.25, Regular Flavoured iced latte - Caramel - 2.75, Large Flavoured iced latte - Caramel - 3.25",12.5,CARD,3061292670005198
28/04/2025 19:31,Bristol,Alma Hildreth,Large Flavoured iced latte - Caramel - 3.25,3.25,CARD,3314868419200853
28/04/2025 19:33,Bristol,Ricky Caceres,"Regular Flavoured latte - Hazelnut - 2.55, Large Flavoured latte - Hazelnut - 2.85, Large Flavoured iced latte - Caramel - 3.25, Large Flavoured latte - Hazelnut - 2.85, Large Flavoured latte - Hazelnut - 2.85, Regular Flavoured iced latte - Caramel - 2.75",17.1,CASH,
28/04/2025 19:35,Bristol,Patricia Facundo,"Regular Flavoured iced latte - Caramel - 2.75, Large Flavoured iced latte - Caramel - 3.25",6.0,CASH,
28/04/2025 19:37,Bristol,Angela Donohue,"Large Flavoured iced latte - Caramel - 3.25, Regular Flavoured iced latte - Caramel - 2.75, Large Flavoured latte - Hazelnut - 2.85, Regular Flavoured latte - Hazelnut - 2.55, Large Flavoured iced latte - Caramel - 3.25",14.65,CARD,9618408135424591
28/04/2025 19:40,Bristol,Samuel Spencer,"Large Flavoured iced latte - Caramel - 3.25, Regular Flavoured latte - Hazelnut - 2.55",5.8,CARD,5288340913767497
28/04/2025 19:42,Bristol,Lori Musso,"Regular Flavoured latte - Hazelnut - 2.55, Regular Flavoured latte - Hazelnut - 2.55",5.1,CARD,6568097239387522
28/04/2025 19:44,Bristol,John Hoyt,"Regular Flavoured latte - Hazelnut - 2.55, Large Flavoured latte - Hazelnut - 2.85",5.4,CARD,9463153596735549
28/04/2025 19:46,Bristol,Tommie Larson,Regular Flavoured latte - Hazelnut - 2.55,2.55,CASH,
28/04/2025 19:48,Bristol,Beverly Salazar,Large Flavoured latte - Hazelnut - 2.85,2.85,CARD,9630297596582470
28/04/2025 19:50,Bristol,Elena Smith,"Large Flavoured iced latte - Caramel - 3.25, Regular Flavoured latte - Hazelnut - 2.55, Large Flavoured latte - Hazelnut - 2.85",8.65,CARD,2872984384175807
28/04/2025 19:52,Bristol,Judith Powell,Large Flavoured iced latte - Caramel - 3.25,3.25,CARD,8957443854728051
28/04/2025 19:54,Bristol,Ann Laverriere,Regular Flavoured iced latte - Caramel - 2.75,2.75,CARD,3460801238017567
28/04/2025 19:56,Bristol,Leslie Arnold,"Regular Flavoured iced latte - Caramel - 2.75, Large Flavoured latte - Hazelnut - 2.85, Large Flavoured latte - Hazelnut - 2.85",8.45,CARD,4622908201388958
28/04/2025 19:58,Bristol,Joann Kilcrease,"Large Flavoured iced latte - Caramel - 3.25, Large Flavoured latte - Hazelnut - 2.85, Large Flavoured latte - Hazelnut - 2.85, Regular Flavoured latte - Hazelnut - 2.55, Large Flavoured latte - Hazelnut - 2.85",14.35,CARD,6523504563995805
28/04/2025 20:00,Bristol,Bruce Koch,"Regular Flavoured iced latte - Caramel - 2.75, Large Flavoured iced latte - Caramel - 3.25",6.0,CARD,8226267927677679
28/04/2025 20:02,Bristol,David Kline,"Large Flavoured iced latte - Caramel - 3.25, Regular Flavoured latte - Hazelnut - 2.55, Regular Flavoured latte - Hazelnut - 2.55, Regular Flavoured iced latte - Caramel - 2.75, Regular Flavoured latte - Hazelnut - 2.55",13.65,CARD,1011832821366896
28/04/2025 20:04,Bristol,Patricia Gibson,"Large Flavoured latte - Hazelnut - 2.85, Regular Flavoured iced latte - Caramel - 2.75, Large Flavoured latte - Hazelnut - 2.85, Regular Flavoured iced latte - Caramel - 2.75",11.2,CASH,
28/04/2025 20:06,Bristol,Emily Stephens,Large Flavoured iced latte - Caramel - 3.25,3.25,CASH,
28/04/2025 20:08,Bristol,Donald Young,"Large Flavoured latte - Hazelnut - 2.85, Regular Flavoured iced latte - Caramel - 2.75, Regular Flavoured iced latte - Caramel - 2.75",8.35,CARD,2237540393328492
28/04/2025 20:10,Bristol,Kelly Ruffo,"Regular Flavoured iced latte - Caramel - 2.75, Large Flavoured iced latte - Caramel - 3.25, Regular Flavoured iced latte - Caramel - 2.75, Large Flavoured latte - Hazelnut - 2.85",11.6,CARD,7301617217873497
28/04/2025 20:11,Bristol,Roberta Morgan,"Large Flavoured iced latte - Caramel - 3.25, Large Flavoured latte - Hazelnut - 2.85, Large Flavoured iced latte - Caramel - 3.25, Large Flavoured iced latte - Caramel - 3.25, Regular Flavoured iced latte - Caramel - 2.75",15.35,CARD,9117063773996102
28/04/2025 20:13,Bristol,Rita Foster,Large Flavoured latte - Hazelnut - 2.85,2.85,CASH,
28/04/2025 20:15,Bristol,Carolyn Powell,"Regular Flavoured iced latte - Caramel - 2.75, Regular Flavoured latte - Hazelnut - 2.55, Large Flavoured latte - Hazelnut - 2.85, Regular Flavoured latte - Hazelnut - 2.55",10.7,CARD,9856956627800870
28/04/2025 20:17,Bristol,Timothy Weed,"Regular Flavoured iced latte - Caramel - 2.75, Large Flavoured iced latte - Caramel - 3.25, Regular Flavoured iced latte - Caramel - 2.75, Regular Flavoured latte - Hazelnut - 2.55, Large Flavoured latte - Hazelnut - 2.85",14.15,CARD,6986714749496349
28/04/2025 20:19,Bristol,Carl Goodwin,"Regular Flavoured iced latte - Caramel - 2.75, Regular Flavoured iced latte - Caramel - 2.75",5.5,CARD,2395343572183461
28/04/2025 20:21,Bristol,Margaret Clapp,"Large Flavoured latte - Hazelnut - 2.85, Regular Flavoured latte - Hazelnut - 2.55, Regular Flavoured iced latte - Caramel - 2.75, Regular Flavoured latte - Hazelnut - 2.55, Large Flavoured iced latte - Caramel - 3.25",13.95,CARD,4624210299832472
28/04/2025 20:23,Bristol,Lorraine Casper,"Regular Flavoured latte - Hazelnut - 2.55, Large Flavoured iced latte - Caramel - 3.25, Regular Flavoured latte - Hazelnut - 2.55, Regular Flavoured iced latte - Caramel - 2.75, Regular Flavoured latte - Hazelnut - 2.55, Regular Flavoured iced latte - Caramel - 2.75",16.4,CARD,6458068412132274
28/04/2025 20:24,Bristol,Randall Cotto,"Regular Flavoured latte - Hazelnut - 2.55, Regular Flavoured latte - Hazelnut - 2.55, Regular Flavoured latte - Hazelnut - 2.55, Regular Flavoured iced latte - Caramel - 2.75",10.4,CASH,
28/04/2025 20:26,Bristol,Joseph Labounty,"Regular Flavoured iced latte - Caramel - 2.75, Regular Flavoured latte - Hazelnut - 2.55",5.3,CASH,
28/04/2025 20:28,Bristol,Heather Velasco,"Large Flavoured iced latte - Caramel - 3.25, Large Flavoured latte - Hazelnut - 2.85",6.1,CARD,1644670721515250
28/04/2025 20:30,Bristol,Donald Valenzuela,Regular Flavoured iced latte - Caramel - 2.75,2.75,CARD,7057357340926595
28/04/2025 20:32,Bristol,Barbara Melton,"Large Flavoured latte - Hazelnut - 2.85, Regular Flavoured iced latte - Caramel - 2.75, Regular Flavoured latte - Hazelnut - 2.55",8.15,CARD,8886781726888848
28/04/2025 20:34,Bristol,Roger Carlson,"Regular Flavoured iced latte - Caramel - 2.75, Large Flavoured latte - Hazelnut - 2.85, Large Flavoured latte - Hazelnut - 2.85",8.45,CARD,3609439795937838
28/04/2025 20:36,Bristol,Thomas Sperrey,"Large Flavoured iced latte - Caramel - 3.25, Large Flavoured latte - Hazelnut - 2.85",6.1,CASH,
28/04/2025 20:38,Bristol,Marcia Mcdiarmid,"Large Flavoured iced latte - Caramel - 3.25, Regular Flavoured latte - Hazelnut - 2.55, Large Flavoured latte - Hazelnut - 2.85, Regular Flavoured latte - Hazelnut - 2.55",11.2,CASH,
28/04/2025 20:39,Bristol,Kristen Santiago,"Large Flavoured latte - Hazelnut - 2.85, Regular Flavoured iced latte - Caramel - 2.75",5.6,CARD,8268075660977165
28/04/2025 20:41,Bristol,Son Garcia,Regular Flavoured latte - Hazelnut - 2.55,2.55,CARD,9289983280589962
28/04/2025 20:43,Bristol,Ami Woodward,"Regular Flavoured iced latte - Caramel - 2.75, Large Flavoured iced latte - Caramel - 3.25, Regular Flavoured latte - Hazelnut - 2.55, Large Flavoured latte - Hazelnut - 2.85, Large Flavoured latte - Hazelnut - 2.85",14.25,CARD,1317619330229972
28/04/2025 20:45,Bristol,Johanna Irwin,"Regular Flavoured iced latte - Caramel - 2.75, Regular Flavoured iced latte - Caramel - 2.75, Large Flavoured latte - Hazelnut - 2.85",8.35,CASH,
28/04/2025 20:47,Bristol,Tera Gustafson,"Regular Flavoured latte - Hazelnut - 2.55, Regular Flavoured iced latte - Caramel - 2.75, Large Flavoured latte - Hazelnut - 2.85, Regular Flavoured iced latte - Caramel - 2.75, Regular Flavoured iced latte - Caramel - 2.75",13.65,CARD,5803014035865380
28/04/2025 20:49,Bristol,Charmaine Wolf,"Large Flavoured latte - Hazelnut - 2.85, Regular Flavoured latte - Hazelnut - 2.55, Regular Flavoured iced latte - Caramel - 2.75, Regular Flavoured iced latte - Caramel - 2.75",10.9,CASH,
28/04/2025 20:51,Bristol,Micheal Winchenbach,"Large Flavoured latte - Hazelnut - 2.85, Regular Flavoured iced latte - Caramel - 2.75",5.6,CARD,6233089370100246
28/04/2025 20:52,Bristol,Brittany Nistler,"Large Flavoured latte - Hazelnut - 2.85, Large Flavoured iced latte - Caramel - 3.25, Regular Flavoured latte - Hazelnut - 2.55",8.65,CARD,2176910239558875
28/04/2025 20:54,Bristol,Lester Newsome,"Large Flavoured latte - Hazelnut - 2.85, Regular Flavoured latte - Hazelnut - 2.55, Regular Flavoured latte - Hazelnut - 2.55, Regular Flavoured latte - Hazelnut - 2.55",10.5,CASH,
28/04/2025 20:56,Bristol,Angela Walker,"Regular Flavoured iced latte - Caramel - 2.75, Large Flavoured iced latte - Caramel - 3.25",6.0,CARD,5674135876286349
28/04/2025 20:58,Bristol,John Dowd,"Large Flavoured iced latte - Caramel - 3.25, Regular Flavoured iced latte - Caramel - 2.75, Large Flavoured latte - Hazelnut - 2.85, Large Flavoured iced latte - Caramel - 3.25",12.1,CARD,8352979554026742
