name,breed,age,size,birthday
Mia,Australorp,4,vl,2013-11-30
Natalie,UnknownBreed,2,Medium,2010-11-01
,Brahma,6,veri large,2015-04-23
Anthony,Silkie,1,,2025-03-02
Christopher,Cochin,1,Medium,2022-02-23
,Sussex,0,tiny,2024-10-23
Justin,Wyandotte,9,m,2017-06-01
Mark,Rhode Island Red,8,,2021-12-04
Randy,Orpington,3,m,2017-08-21
Christopher,Silkie,6,l,2023-09-28
Nicole,Rhode Island Red,10,vl,2019-10-02
Jessica,Brahma,9,Small,2015-04-05
Arthur,Australorp,-1,Very large,2020-11-25
Joshua,Australorp,2,,2018-05-12
Samantha,Rhode Island Red,3,,2022-01-12
Hunter,Australorp,3, ,2022-09-24
Yvette,Cochin,1,tiny,2018-05-12
,,-1,Very small,2011-04-08
Morgan,Wyandotte,0,l,2020-05-17
Helen,Orpington,1,med,2017-07-15
Michele,Orpington,3,tinyy,2014-12-15
Victoria,Silkie,0,huge,2023-09-17
Veronica,,5,Medium,2016-10-22
Stephanie,Orpington,5,med,2024-09-25
Michael,Plymouth Rock,1,Medium,2020-08-12
William,Rhode Island Red,9, ,2014-05-07
Karina,Australorp,5,m,2022-07-23
Kathy,Wyandotte,9,huge,2012-10-17
Jason,Brahma,4,Very large,2010-05-30
Valerie,Brahma,3,Very small,2022-08-27
Amy,Sussex,1,Very large,2022-10-23
,Silkie,0,tiny,2022-12-09
Raymond,Leghorn,6, ,2014-05-07
,Brahma,unknown,Large,2025-01-20
Robert,UnknownBreed,5,Very large,2024-09-23
Megan,Sussex,3,m,2011-02-27
,Wyandotte,2,Medium,2016-04-13
Melissa,Rhode Island Red,4, ,2012-08-25
Stephanie,Sussex,9,tiny,2024-02-08
David,UnknownBreed,,vs,2016-01-30
Beth,Plymouth Rock,2,vs,2022-07-24
David,Silkie,5,m,2017-01-28
Barry,Cochin,1,l,2013-12-18
,Orpington,6,Large,2022-08-22
,Wyandotte,1,,2011-07-22
April,,5,med,2018-07-14
Jason,Leghorn,6,Small,2022-06-24
Jill,Leghorn,8,m,2024-04-19
,Australorp,3,veri large,2019-06-24
Michael,,2,Very large,2024-05-30
Christine,Orpington,4,s,2018-09-21
,,7,veri large,2022-07-23
,Brahma,5,m,2018-07-12
Mark,UnknownBreed,10,med,2010-04-17
Stephanie,Australorp,6,,
Laura,Plymouth Rock,0,,2014-06-13
Benjamin,Leghorn,1,Medium,2020-03-08
George,Leghorn,2,,2010-09-03
,Orpington,ten,vs,2010-10-25
Jillian,,2,s,2016-02-26
Stacie,Leghorn,ten,Small,2021-08-18
Madison,Leghorn,9,m,2020-12-30
John,UnknownBreed,7,m,2025-07-10
Alicia,Cochin,5,Small,2013-10-01
Cameron,Australorp,8,smal,2013-02-13
Kathleen,Orpington,6,s,2011-06-08
Christina,,8,m,2014-10-09
Robert,Brahma,1,vs,2018-12-01
Angela,Cochin,3,l,2013-07-06
Jose,Leghorn,5, ,2023-11-06
John,Wyandotte,7,med,2020-05-04
Patrick,Leghorn,0,huge,2012-02-07
Aaron,Plymouth Rock,7, ,2021-02-07
,Rhode Island Red,,Small,2014-04-10
Kimberly,Australorp,10,Large,
April,Australorp,4,s,2019-10-22
,Orpington,ten,veri large,2013-12-22
Mark,Orpington,6,vl,2020-01-18
,Orpington,3,vl,2023-02-04
Gina,Australorp,6,Very small,2013-03-21
Angelica,Rhode Island Red,0,med,2019-05-12
Evan,Orpington,ten,vl,2022-07-08
Sarah,Brahma,7,vs,2020-11-17
Raymond,Wyandotte,8,Very large,2014-02-11
Teresa,Brahma,unknown,med,2017-10-25
Billy,UnknownBreed,2,vs,2023-05-19
Tasha,Rhode Island Red,1, ,2020-05-05
Alexis,Brahma,,l,2014-11-22
Mary,Leghorn,4,smal,2017-01-25
Douglas,Australorp,ten,s,2013-08-08
,Sussex,,vs,2018-04-23
Cesar,Leghorn,1,veri large,2015-01-27
Jacqueline,Rhode Island Red,unknown,smal,
Matthew,Brahma,1,Medium,2023-05-28
,Cochin,6,veri large,2013-05-17
Pamela,Rhode Island Red,3,Very large,2014-08-28
Derrick,Leghorn,2,med,2020-03-10
Kimberly,Plymouth Rock,2,med,2022-07-02
Amanda,UnknownBreed,8,huge,2017-05-24
Shannon,Wyandotte,2,Very small,2018-10-14
